{"shard":"band_b16","bands":{"b16":{"n":384,"nonempty":0,"gen_nonempty":0,"semi_orbits":0,"Phat":0.0,"Phat_gen":0.0,"Ppred":0.000276,"Wbar":"0/1","Epred":0.00016080785894462661,"q_range":[65537,211969],"band_cand":8000000}},"cells_nonempty":[],"wall_s":34.7}
