{
 "rows": [
  {
   "q": 193,
   "n": 64,
   "t": 3,
   "n_null": 9601140874881,
   "s_null": 2565949988320,
   "E_cond": 0.26725469626564596,
   "E_uncond": 0.267254802537621,
   "ratio": 0.9999996023570987,
   "stripped_mean_ratio": 0.9999995998830757,
   "stripped_mass_ratio": 0.9999995989819895,
   "bulk_ratio": 0.9999995998830757,
   "coset": {
    "cn0": 22262368,
    "cs0": 22262368,
    "an0": 4294967296,
    "asum0": 4294967296
   },
   "accidents": [],
   "V_orbits": {
    "5": 4,
    "6": 24,
    "7": 176,
    "8": 1142,
    "9": 5994,
    "10": 27582,
    "11": 110979,
    "12": 388507,
    "13": 1193908,
    "14": 3238763,
    "15": 7774171,
    "16": 16526579,
    "17": 31107744,
    "18": 51835478,
    "19": 76394000,
    "20": 99319943,
    "21": 113501989,
    "22": 113504569,
    "23": 98699338,
    "24": 74016238,
    "25": 47376612,
    "26": 25515796,
    "27": 11336255,
    "28": 4046884,
    "29": 1117339,
    "30": 223694,
    "31": 28810,
    "32": 1822
   },
   "suborbit_flags": [],
   "table": {
    "0": [
     22262368,
     22262368,
     4294967296,
     4294967296
    ],
    "1": [
     356032000,
     0,
     68719476736,
     0
    ],
    "2": [
     2759417568,
     0,
     532575944704,
     0
    ],
    "3": [
     13797529984,
     0,
     2662879723520,
     0
    ],
    "4": [
     50015250016,
     0,
     9652938997760,
     0
    ],
    "5": [
     140041848000,
     178006016,
     27028229193728,
     34359738368
    ],
    "6": [
     315096312032,
     534135808,
     60813515685888,
     103079215104
    ],
    "7": [
     585179758528,
     1957805952,
     112939386273792,
     377957122048
    ],
    "8": [
     914339467744,
     6352185472,
     176467791052800,
     1226213163008
    ],
    "9": [
     1219119053184,
     16674420736,
     235290388070400,
     3218004246528
    ],
    "10": [
     1401992047872,
     38364238848,
     270583946280960,
     7403986747392
    ],
    "11": [
     1401991479552,
     77177051904,
     270583946280960,
     14895349235712
    ],
    "12": [
     1226737459744,
     135090333824,
     236760952995840,
     26072263426048
    ],
    "13": [
     943644957696,
     207574244480,
     182123809996800,
     40060904800256
    ],
    "14": [
     640334302528,
     281542897408,
     123584013926400,
     54337426423808
    ],
    "15": [
     384200174144,
     337893676928,
     74150408355840,
     65214473043968
    ],
    "16": [
     204104260608,
     359151879168,
     39392404439040,
     69317496406016
    ],
    "17": [
     96049150400,
     338020878720,
     18537602088960,
     65237667545088
    ],
    "18": [
     40021276416,
     281625133952,
     7724000870400,
     54353438179328
    ],
    "19": [
     14744678528,
     207526903040,
     2845684531200,
     40052457472000
    ],
    "20": [
     4791825632,
     134903903616,
     924847472640,
     26036127137792
    ],
    "21": [
     1369105216,
     77080368128,
     264242135040,
     14876932702208
    ],
    "22": [
     342302464,
     38541718656,
     66060533760,
     7438635433984
    ],
    "23": [
     74400704,
     16755731456,
     14360985600,
     3234179907584
    ],
    "24": [
     13947776,
     6281760768,
     2692684800,
     1212682043392
    ],
    "25": [
     2236608,
     2014737280,
     430829568,
     388109205504
    ],
    "26": [
     301984,
     544326272,
     57996288,
     104512700416
    ],
    "27": [
     32640,
     117585280,
     6444032,
     23216650240
    ],
    "28": [
     2656,
     19076992,
     575360,
     4144009216
    ],
    "29": [
     256,
     3686912,
     39680,
     572077568
    ],
    "30": [
     32,
     921728,
     1984,
     57265664
    ],
    "31": [
     0,
     0,
     64,
     3687680
    ],
    "32": [
     1,
     116608,
     1,
     116608
    ]
   }
  },
  {
   "q": 11777,
   "n": 64,
   "t": 2,
   "n_null": 157349264993,
   "s_null": 133011695360,
   "E_cond": 0.8453277196173575,
   "E_uncond": 0.8452883907574895,
   "ratio": 1.0000465271501395,
   "stripped_mean_ratio": 1.0000464828119477,
   "stripped_mass_ratio": 1.0000462397946763,
   "bulk_ratio": 1.0000464828119477,
   "coset": {
    "cn0": 402944,
    "cs0": 402944,
    "an0": 4294967296,
    "asum0": 4294967296
   },
   "accidents": [],
   "V_orbits": {
    "4": 1,
    "5": 8,
    "6": 70,
    "7": 576,
    "8": 3583,
    "9": 19072,
    "10": 87787,
    "11": 350425,
    "12": 1226447,
    "13": 3775657,
    "14": 10248484,
    "15": 24595002,
    "16": 52262972,
    "17": 98376839,
    "18": 163964955,
    "19": 241634102,
    "20": 314116790,
    "21": 358985535,
    "22": 358997136,
    "23": 312180752,
    "24": 234125818,
    "25": 149832934,
    "26": 80682749,
    "27": 35861787,
    "28": 12807635,
    "29": 3532792,
    "30": 706495,
    "31": 91153,
    "32": 5704
   },
   "suborbit_flags": [],
   "table": {
    "0": [
     402944,
     402944,
     4294967296,
     4294967296
    ],
    "1": [
     5908416,
     0,
     68719476736,
     0
    ],
    "2": [
     45445312,
     0,
     532575944704,
     0
    ],
    "3": [
     225840000,
     0,
     2662879723520,
     0
    ],
    "4": [
     818852704,
     1445248,
     9652938997760,
     17179869184
    ],
    "5": [
     2295806336,
     5909760,
     27028229193728,
     68719476736
    ],
    "6": [
     5166152608,
     25419648,
     60813515685888,
     300647710720
    ],
    "7": [
     9589192064,
     104792960,
     112939386273792,
     1236950581248
    ],
    "8": [
     14984841568,
     326386688,
     176467791052800,
     3847216955392
    ],
    "9": [
     19978432000,
     870621696,
     235290388070400,
     10239202033664
    ],
    "10": [
     22976343040,
     2001133312,
     270583946280960,
     23565143375872
    ],
    "11": [
     22979855040,
     3991284096,
     270583946280960,
     47033247334400
    ],
    "12": [
     20106113920,
     6989124096,
     236760952995840,
     82305464926208
    ],
    "13": [
     15464285440,
     10760239744,
     182123809996800,
     126690026061824
    ],
    "14": [
     10492727776,
     14599835776,
     123584013926400,
     171941029740544
    ],
    "15": [
     6294694464,
     17514961280,
     74150408355840,
     206317830537216
    ],
    "16": [
     3343669984,
     18607814016,
     39392404439040,
     219206792511488
    ],
    "17": [
     1574352512,
     17517548544,
     18537602088960,
     206311184662528
    ],
    "18": [
     656500896,
     14612167040,
     7724000870400,
     171929716654080
    ],
    "19": [
     241776704,
     10765776384,
     2845684531200,
     126685860069376
    ],
    "20": [
     78649408,
     7002700288,
     924847472640,
     82343831797760
    ],
    "21": [
     22398272,
     3988721152,
     264242135040,
     47052952043520
    ],
    "22": [
     5540512,
     1973189632,
     66060533760,
     23527236304896
    ],
    "23": [
     1211968,
     862670592,
     14360985600,
     10229538881536
    ],
    "24": [
     225856,
     321834496,
     2692684800,
     3835917402112
    ],
    "25": [
     37696,
     107547264,
     430829568,
     1227431395328
    ],
    "26": [
     6016,
     34292096,
     57996288,
     330476539904
    ],
    "27": [
     1024,
     11664640,
     6444032,
     73444939776
    ],
    "28": [
     480,
     10930432,
     575360,
     13115018240
    ],
    "29": [
     0,
     0,
     39680,
     1808789504
    ],
    "30": [
     32,
     2916480,
     1984,
     180862720
    ],
    "31": [
     0,
     0,
     64,
     11667584
    ],
    "32": [
     1,
     365056,
     1,
     365056
    ]
   }
  },
  {
   "q": 17729,
   "n": 64,
   "t": 2,
   "n_null": 104524069281,
   "s_null": 58732138944,
   "E_cond": 0.5619006162695974,
   "E_uncond": 0.5615075088988317,
   "ratio": 1.0007000928118248,
   "stripped_mean_ratio": 1.0006996463653308,
   "stripped_mass_ratio": 1.000699070055249,