{
  "results": [
    {
      "complete_norm_census": true,
      "distance_histogram": {
        "2": 1876,
        "4": 27424,
        "6": 48356
      },
      "distinct_absolute_norms": 227,
      "elapsed_seconds": 0.4141044799999998,
      "galois_exchange_orbits": 5216,
      "largest_norm_bits": 21,
      "largest_template_multiplicity": 351,
      "norms_computed": 5216,
      "order": 32,
      "raw_low_edges": 77656,
      "relevant_primes": [
        1153,
        1217,
        1249,
        1409,
        1601,
        1697,
        1889,
        2017,
        2081,
        2113,
        2273,
        2593,
        2657,
        2689,
        2753,
        3041,
        3137,
        3169,
        3329,
        3361,
        3457,
        3617,
        4001,
        4129,
        4289,
        4481,
        4513,
        4993,
        5153,
        5281,
        5441,
        5569,
        5857,
        6337,
        7393,
        7457,
        7489,
        7649,
        7681,
        7873,
        7937,
        8161,
        8353,
        8929,
        9281,
        9377,
        9601,
        10177,
        10529,
        10753,
        11617,
        11681,
        12097,
        12161,
        12289,
        13121,
        13313,
        13441,
        13633,
        13729,
        14369,
        14593,
        15329,
        15649,
        15809,
        16001,
        16193,
        16417,
        16673,
        17569,
        18433,
        18913,
        19841,
        20353,
        20929,
        21601,
        25057,
        26209,
        27457,
        27617,
        30817,
        30881,
        31393,
        31873,
        32257,
        32353,
        32993,
        34849,
        37057,
        37441,
        37633,
        43457,
        48353,
        48449,
        49121,
        49409,
        51137,
        51361,
        51521,
        68161,
        76801,
        108193,
        127873
      ],
      "unordered_root_pairs": 496
    },
    {
      "complete_norm_census": false,
      "distance_histogram": {
        "2": 8580,
        "4": 283400,
        "6": 1288740
      },
      "distinct_absolute_norms": 2567,
      "elapsed_seconds": 6.500628859999999,
      "galois_exchange_orbits": 52494,
      "largest_norm_bits": 41,
      "largest_template_multiplicity": 187,
      "norms_computed": 5000,
      "order": 64,
      "raw_low_edges": 1580720,
      "relevant_primes": [],
      "unordered_root_pairs": 2016
    }
  ]
}
