{
  "results": [
    {
      "complete": true,
      "elapsed_seconds": 0.2892072240000001,
      "input_two_leaf_primes": 18,
      "maximum_small_fiber": 5,
      "maximum_weighted_degree": 8,
      "order": 32,
      "surviving_fiber_count": 32,
      "weighted_multistar_primes": [
        1153,
        1217,
        1249,
        2113
      ]
    },
    {
      "complete": true,
      "elapsed_seconds": 5.825002241,
      "input_two_leaf_primes": 162,
      "maximum_small_fiber": 7,
      "maximum_weighted_degree": 8,
      "order": 64,
      "surviving_fiber_count": 542,
      "weighted_multistar_primes": [
        4673,
        4993,
        5953,
        7297,
        7489,
        7873,
        7937,
        9473,
        11393,
        12097,
        12161,
        13121,
        13697,
        14081,
        14657,
        15809,
        19841,
        21569,
        23041,
        25153,
        27457,
        32833,
        33409,
        36929,
        48449,
        63361,
        65537,
        65921,
        71233,
        100609,
        108929,
        138113,
        142529,
        149249,
        176321,
        177473,
        204353,
        216641,
        238081,
        240641,
        249217,
        259201,
        355009,
        395201,
        400321,
        417793,
        421313,
        455809,
        475649,
        499649,
        665857,
        697601,
        705409,
        756673,
        886337,
        911681,
        933313,
        1443713,
        1478273,
        1983361,
        2269441,
        2795713,
        2984833,
        3111809,
        7177601,
        7204033,
        7987009
      ]
    }
  ]
}
