{
  "all_complete": true,
  "app": "rate-half-list-fiber-two-cycle-c1-parity-antiinvariant",
  "app_id": "ap-6KQ2mJjoE3Qkq7VaKqnxlZ",
  "cost_ceiling_usd": 0.25,
  "coverage_exact": true,
  "decision": "fiber_two_cycle_c1_parity_antiinvariant_screen",
  "hits": [],
  "k_start": 29058991,
  "k_stop": 33554432,
  "lower_characteristic": 31950697969885030204,
  "odd_candidates": 2247721,
  "order": 1099511627776,
  "processed": 2247721,
  "shards": [
    [0, 140483, "18dc4bc1d5e84fbc5ce49c5987bd131667ff8e6ac65d9629098c674974f89cdb", 140483, 28096, 1.77568068],
    [140483, 280966, "d3402ea42c5d1d0864e6ca7696046c944eeb6589d83ae3e54fe97318d1d57728", 140483, 28097, 2.942980629],
    [280966, 421449, "8b81e775eb322b631285f52868d0935507a5f32047ef7861369ab28642d900f2", 140483, 28096, 1.8607234529999999],
    [421449, 561932, "43749ebb2829a3b86e8ecc953ac9da4e6a582d73560162b067b096d2eda6da53", 140483, 28097, 1.4531421210000002],
    [561932, 702415, "442013fb1db77a7a1911e6a93d2102136ac64d51c4e43418d3ebf7b0b911d8bf", 140483, 28097, 1.7752572530000004],
    [702415, 842898, "51f3cb812f9673e0bcca8026ffd798eebff9d23856ad03b6b4b061266fd15c6d", 140483, 28096, 2.556053901],
    [842898, 983381, "b8f5f63bfc848387e0c8dc6e2e5c460709212ff80e92fb2a706c825b027e159d", 140483, 28097, 2.5737979269999998],
    [983381, 1123864, "ecc3e6c02920a3ce3f134b0a46783e75f4bff87256045991b120c8dbb157d273", 140483, 28096, 1.4545690340000004],
    [1123864, 1264347, "9703b7991b9224bc196dabd450034b9890df242d5db60c9119ab7870a66d49fa", 140483, 28097, 1.845735517],
    [1264347, 1404830, "78059d65f76de82eb76adecb3787ad70e2f64fafde55fd3166067a9645e85a51", 140483, 28097, 2.1065581589999995],
    [1404830, 1545313, "9b6184d7958f104dda18992e5566ba1c6bad8510b2fca1d0f2f1e4e309bed9ac", 140483, 28096, 1.502032081],
    [1545313, 1685796, "621af5e15cd373b8c181260305a7a9a59ff375eaa07d09e5c9b5b4cac390d895", 140483, 28097, 1.506502784],
    [1685796, 1826279, "087586a7d1c8ecd7f0da1357679a9520be6f50ed8b88d0b64d6fb5acdc1937aa", 140483, 28096, 2.169358746],
    [1826279, 1966762, "6460852b5b67cc1b12796076dc3c4130c2d7fcd3e337b8b312c4168bf1470e1f", 140483, 28097, 2.9570137920000006],
    [1966762, 2107245, "9a6f14e4860f3aa0c556e943b5f73ffa058c6fb7819c56b8f0bf8b5f5bfe7a1f", 140483, 28097, 2.097122723],
    [2107245, 2247721, "496a80620db1c43d8c2c7a6f287cd770033a0815890c0a0dd5e4243452ec046f", 140476, 28095, 1.7645021759999997]
  ],
  "skipped_factor_five": 449544,
  "source_sha256": "f3d2d6ef3c3af2f39289a8a18b174b84ef6dc3d5b23616acdb72abd38559dfff",
  "upper_characteristic_exclusive": 36893488147419103232
}

