{
  "all_complete": true,
  "app": "rate-half-list-c2-reciprocal-affine-torsion",
  "app_id": "ap-Ifv7cgmA0WCon3SfgP1aSo",
  "cost_ceiling_usd": 0.25,
  "coverage_exact": true,
  "decision": "fiber_two_cycle_c2_reciprocal_affine_torsion_screen",
  "expected_candidates": 4495442,
  "hits": [],
  "k_start": 29058991,
  "k_stop": 33554433,
  "lower_characteristic": 31950697969885030204,
  "order": 1099511627776,
  "processed": 4495442,
  "shards": [
    [29058991, 29339957, "5ee275ac2e8cac932cba4a8090d2d396bc3afb9ba7e4e0839ef8f36f40e5af24", 280966, 93656, 2.296354043],
    [29339957, 29620923, "8add898039a4b46c75ef001643feb3be5580c2cb00720557283ceadb928a29ca", 280966, 93655, 2.236922896],
    [29620923, 29901889, "d295063c6b9081ec695fbb4d4b4f4c4f6b117e9a76208718f109ff18e8d44dcf", 280966, 93655, 1.698638805],
    [29901889, 30182855, "8b4a2976cc37ac9ae80b5d9e297a50f960c3f3d7739f8b7639059531a5b2af09", 280966, 93656, 1.995744424],
    [30182855, 30463821, "e1d41bd00bc1f24bd8b15fd18ff9dd158f43a76dc6ee578e1ea8ff98d33886c1", 280966, 93655, 3.129425144],
    [30463821, 30744787, "9682a38d8c6eefae95ea40e2a1081311fc02800e2cb01fd3b6c90e60035de862", 280966, 93655, 1.960290341],
    [30744787, 31025753, "91a0f685d724c25934664a4c5074bb5ecd99fbeb6e86c644344258cc996febe8", 280966, 93656, 2.278593561],
    [31025753, 31306719, "02165caade7e97cd2cbe7108dc6a3df379fa65be6b7e7fe3ecbc6ee4dcea83d6", 280966, 93655, 2.30398981],
    [31306719, 31587685, "019c7383bb15cf6d0c8712c1b302359d0a36225e1702d39b2e6567a7d72e7fdd", 280966, 93655, 2.102154246],
    [31587685, 31868651, "7ada2457145258b624e5084a61516a6634b57d2c40d17d4b9fcc498977098696", 280966, 93656, 1.573737523],
    [31868651, 32149617, "a5141ec5c05d979f0b5e12a59ed40437b1f35c9f5e2053ed6a345cbf98d77c0a", 280966, 93655, 1.686097417],
    [32149617, 32430583, "0a8ee9f0d148ab474d610f325cc5e44a3500915d9096df78900fca2ac9837016", 280966, 93655, 2.220431767],
    [32430583, 32711549, "579393eebf196d674d28d52f2d06b9040ae6e45f57b966c09328dc83fe7e1898", 280966, 93656, 1.57331186],
    [32711549, 32992515, "614590fefd19570bb128cdae68710fedc461879308d326ec22a45c8eee04a3f3", 280966, 93655, 1.961226806],
    [32992515, 33273481, "7cb6c2673636f389b82f57b81c7d0036d4b6000935650c83902a72d6b6329798", 280966, 93655, 1.622591046],
    [33273481, 33554433, "9bb16dccb406bf43c912000d970a630104730abaac3050d68b43288ef55594ca", 280952, 93651, 1.95735939]
  ],
  "skipped_factor_three": 1498481,
  "source_sha256": "4d28013ab06a85505b3bff2da137c12158bb08f6e49ef68e4a5bdbd5528457dd",
  "upper_characteristic_exclusive": 36893488147419103232
}
