{
  "all_complete": true,
  "app": "rate-half-list-fiber-two-cycle-c1-parity-harmonic-characteristic",
  "app_id": "ap-Js6Im9DeoBlc0di05YG2WE",
  "cost_ceiling_usd": 0.5,
  "coverage_exact": true,
  "decision": "fiber_two_cycle_c1_parity_harmonic_characteristic_screen",
  "expected_candidates": 4495441,
  "hits": [],
  "k_start": 29058991,
  "k_stop": 33554432,
  "lower_characteristic": 31950697969885030204,
  "order": 1099511627776,
  "processed": 4495441,
  "shards": [
    [29058991, 29199474, "bd2b4ea7b42162210d328f3bb92af61194ffb960152d5c7469f9dedc2e28e154", 140483, 28096, 3.1204013070000007],
    [29199474, 29339957, "0506e986d6a368f5a2295605abe72e2f3272d8d34a0fa203679867a58e98c58a", 140483, 28097, 1.9881449260000001],
    [29339957, 29480440, "382672161c895098ba837935cd01e57a5ef3982f6c7a40f9991512a69876997a", 140483, 28097, 2.585047168],
    [29480440, 29620923, "502f1293a2453e6cbcd531c2a666825b51e491521ad3a610e763df743765ea68", 140483, 28096, 1.655753198],
    [29620923, 29761406, "576b8df66ef242a51f4b0275d8338ac97ee1b81d643ef5bb3cef9068fa0ffe4e", 140483, 28097, 2.123438671],
    [29761406, 29901889, "51e853f8f70204c8788e4cf66e661536b3e63ef31b1a8ef3e42aa1fee28cbddd", 140483, 28096, 2.140603069],
    [29901889, 30042372, "476f913e0746515464c4015c141073eff9174a19d21f9b188c7bb0334498f9e3", 140483, 28097, 2.141439446],
    [30042372, 30182855, "5ab2edb188d199c6f4e66ea756ea760cc243eaa3666277d78b1aded2f9590408", 140483, 28097, 2.8944428669999995],
    [30182855, 30323338, "8d8be5054cf530b573292aa99be96c1e7341c970aff3de1aedfee237504f853b", 140483, 28096, 2.568930944],
    [30323338, 30463821, "93623fa70d8b1ef4a947bc2b2dbbb03748a67c3bc0014a7999577ce2d266b237", 140483, 28097, 2.005810824],
    [30463821, 30604304, "c58713199eaad866029981160610b80dab2aa6663b74fe8abec0382769c8c33e", 140483, 28096, 1.4840627989999997],
    [30604304, 30744787, "e196623a8530791832abda348bc314d484b711fc7ec96ec238650e1273d063ee", 140483, 28097, 2.6161378729999996],
    [30744787, 30885270, "861d71b743f12049f2865e5820a782e4fb11da7e82d0ad3289aefa30cb165e0d", 140483, 28097, 1.496773932],
    [30885270, 31025753, "241dd779d978b08370c83adb26d0e72ab041c55bc75e6eeddd163503a0575e05", 140483, 28096, 1.874306797],
    [31025753, 31166236, "cbf3e07bb4d4aa5a2179977c233c227df925de75e183caf25762a60d9f43dce7", 140483, 28097, 1.4605413900000002],
    [31166236, 31306719, "14ca7831024c3eb9126fbd6dd2b7ce353f1fb59f136cb230211621832ffe801f", 140483, 28096, 2.988501456],
    [31306719, 31447202, "f919f50cbc33897cbd70de38cda4fc53fe2e39a1a8c7f4d30b76a86ccfa8d5a4", 140483, 28097, 2.122124185],
    [31447202, 31587685, "52a66b127946b5a317a048cdca9624e55223dca0066b93416b97a88bf5121297", 140483, 28097, 1.672343913],
    [31587685, 31728168, "b80859d109a0dde6c285ea6f5a71bbf249268c17b65b31ab839df4da39e3cde4", 140483, 28096, 2.554264825],
    [31728168, 31868651, "a956af03f68552b47ff55b9c301c2bb8c53a1249741d3cca50566ca1b7bc3b4a", 140483, 28097, 1.4738707340000001],
    [31868651, 32009134, "3b88a76e4646c6e568e009151dc40a96f1e3901a1f79e9b5248c85276e3cc38f", 140483, 28096, 2.139973153],
    [32009134, 32149617, "797b1466dd280f4c3eb3a03f7808c88b6f8ff0a09c01e9ed859a63b334952e70", 140483, 28097, 1.4824992609999996],
    [32149617, 32290100, "8b3fb931cae9120a76f79a7edc2a9a99e8886d58ca5aaf3e8470e028dbf9403c", 140483, 28097, 1.473873111],
    [32290100, 32430583, "8f8d1571cb724526d82d69cfa5c64235690606a9d9652dee32f9a1aae3e63426", 140483, 28096, 1.480983025],
    [32430583, 32571066, "da81c641b4e2b60237dacadae62b1b6a3efedc883c640dba799316623743caf3", 140483, 28097, 3.006504466],
    [32571066, 32711549, "d65cec431fce06fd2986f10642c5c3fa7fd711f69d5edacd285136638037e80d", 140483, 28096, 2.0845389519999995],
    [32711549, 32852032, "6dbc01bb2fa414b96b770cd15a4321363558bd8e9c57ef587e14b11fccc21fa9", 140483, 28097, 2.968084117],
    [32852032, 32992515, "94b749d09b11c26c0bca258dfd85cd9ba90df5b37e0b08fec5735d9089b117ed", 140483, 28097, 1.503379819],
    [32992515, 33132998, "0da068de7b1179fe4e5b3304a0b768830891f308c184ce6f5d865e70c7cb491a", 140483, 28096, 1.9916015169999994],
    [33132998, 33273481, "4ee34c703f6c83c6478caac958efb479868f296ef59fa9600669c5680ce63ea8", 140483, 28097, 2.59919162],
    [33273481, 33413964, "befcad08fee6a19f2c07e1ebf67e6bf55037b47a769dcbe508702f27b1350e1f", 140483, 28096, 2.5589337530000003],
    [33413964, 33554432, "e41d261fdff6d78b5b00798c8294b0f6bc00174803e82d7fd773cec36bd09db1", 140468, 28094, 1.4575798219999996]
  ],
  "skipped_factor_five": 899088,
  "source_sha256": "7cd0b561634c83ccd4e5941748e63ecbaeeb1a7ff22c6053c9c0b61d90960cdb",
  "upper_characteristic_exclusive": 36893488147419103232
}
