{
 "Fa": false,
 "Fb": false,
 "Fc": false,
 "worst_bulk": [
  1.066158533199014,
  "n32",
  3,
  193
 ],
 "reserve_usage_pct": 14.52755372188293,
 "census_rows": 34,
 "new_rows": [
  [
   2,
   11777
  ],
  [
   2,
   17729
  ],
  [
   3,
   641
  ]
 ],
 "worst_stripped": [
  2.8741696984709986,
  "n32",
  4,
  97
 ]
}