family	N	kappa	p	SIGMA	TNUM	NKER	TMASSf	CRATIO	EXCESS	ZFRATIO	ZFLOOR_OK	tag
M4	32	1	1073741953	1.9999998266737435	21256991616	1719937	4.94927904009819	0.989855903341517	0.9873198788716262	1.237319908676901	True	T1a/s=+2.00
M4	8	1	97	1.4000871578128722	736	65	2.875	0.7922585227272727	0.7132352941176471	1.08935546875	True	LAD8-exhaustive
M4	8	1	113	1.1798210375848122	608	65	2.375	0.7292798913043478	0.609313725490196	1.04833984375	True	LAD8-exhaustive
M4	8	1	193	0.40754296273191937	448	33	1.75	0.75390625	0.5676470588235294	1.3193359375	True	LAD8-exhaustive
M4	8	1	241	0.08711066377003807	384	17	1.5	0.7288306451612904	0.4725490196078431	1.412109375	True	LAD8-exhaustive
M4	8	1	257	-0.005624549193878892	256	1	1.0	0.501953125	0.0	1.00390625	True	LAD8-exhaustive
M4	8	1	337	-0.3966047811818587	288	17	1.125	0.6404138513513513	0.16519607843137254	1.48095703125	True	LAD8-exhaustive
M4	8	1	353	-0.4635243732711807	352	33	1.375	0.7983141447368421	0.5191176470588236	1.89599609375	True	LAD8-exhaustive
M4	8	1	401	-0.6474584264549197	384	17	1.5	0.916920731707317	0.7862745098039216	2.349609375	True	LAD8-exhaustive
M4	8	1	433	-0.7582232147267245	384	17	1.5	0.9440406976744186	0.8490196078431372	2.537109375	True	LAD8-exhaustive
M4	8	1	449	-0.8105716347411462	256	1	1.0	0.6377840909090909	0.0	1.75390625	True	LAD8-exhaustive
M4	8	1	577	-1.172427508645482	320	17	1.25	0.8668870192307693	0.5656862745098039	2.8173828125	True	LAD8-exhaustive
M4	8	1	593	-1.2118882945460037	256	1	1.0	0.6992924528301887	0.0	2.31640625	True	LAD8-exhaustive
M4	8	1	641	-1.3241805466187415	256	1	1.0	0.7154017857142857	0.0	2.50390625	True	LAD8-exhaustive
M4	8	1	673	-1.3944626946103167	256	1	1.0	0.7252155172413793	0.0	2.62890625	True	LAD8-exhaustive
M4	8	1	769	-1.5868397879618268	256	1	1.0	0.7509765625	0.0	3.00390625	True	LAD8-exhaustive
M4	8	1	881	-1.7829982089204144	288	17	1.125	0.8724691901408451	0.43186274509803924	3.87158203125	True	LAD8-exhaustive
M4	8	1	929	-1.8595347863826532	256	1	1.0	0.7846283783783784	0.0	3.62890625	True	LAD8-exhaustive
M4	8	1	977	-1.9322147519683845	256	1	1.0	0.7930194805194806	0.0	3.81640625	True	LAD8-exhaustive
M4	8	1	1009	-1.9787104591063578	256	1	1.0	0.7982594936708861	0.0	3.94140625	True	LAD8-exhaustive
M4	16	1	16417	1.99709710359976	374368	2625	5.71240234375	1.1443346016856666	1.180491482068265	1.4309770092368126	True	LAD16-exhaustive
M4	16	1	16481	1.9914838384105131	326400	2689	4.98046875	1.0008181997262728	1.0010239638170444	1.2524887919425964	True	LAD16-exhaustive
M4	16	1	16673	1.9747739063050087	358304	2593	5.46728515625	1.1088464067992927	1.1365384208462082	1.3909308686852455	True	LAD16-exhaustive
M4	16	1	16993	1.9473470473249446	391968	2593	5.98095703125	1.2315141870883972	1.2915450191810673	1.5508179143071175	True	LAD16-exhaustive
M4	16	1	17377	1.9151085865551885	279360	2465	4.2626953125	0.8933912635723719	0.8651233149509804	1.130262091755867	True	LAD16-exhaustive
M4	16	1	17569	1.8992555427125755	344096	2465	5.25048828125	1.1100046762283555	1.1394953629859044	1.4075596407055855	True	LAD16-exhaustive
M4	16	1	17729	1.8861764567874157	302464	2401	4.615234375	0.982699488787171	0.9780192299439231	1.2485273778438568	True	LAD16-exhaustive
M4	16	1	17761	1.8835748082205264	327712	2369	5.00048828125	1.066241744660983	1.0841942834101053	1.3551890924572945	True	LAD16-exhaustive
M4	16	1	17921	1.8706364777654905	317824	2593	4.849609375	1.0413852761859543	1.0527023668173494	1.3261390626430511	True	LAD16-exhaustive
M4	16	1	18049	1.8603687132553457	293440	2433	4.4775390625	0.9668728768551696	0.9577493330138476	1.2331406027078629	True	LAD16-exhaustive
M4	16	1	18401	1.8325034489596401	376960	2465	5.751953125	1.2609808598589998	1.3342593950274662	1.6150160133838654	True	LAD16-exhaustive
M4	16	1	18433	1.8299967294655275	275136	2529	4.1982421875	0.9216153563522711	0.899568142857824	1.1808196753263474	True	LAD16-exhaustive
M4	16	1	18593	1.817528051057419	320000	1921	4.8828125	1.0791428871778719	1.1015965943770505	1.3852864503860474	True	LAD16-exhaustive
M4	16	1	18913	1.7929093972029708	272704	2241	4.1611328125	0.9319285818824898	0.9122835871337834	1.2008591443300247	True	LAD16-exhaustive
M4	16	1	19009	1.785604981835359	273920	2465	4.1796875	0.9397672181053652	0.9222961728465705	1.2123364210128784	True	LAD16-exhaustive
M4	16	1	19073	1.780755836856427	349856	2241	5.33837890625	1.2034193087994782	1.2626215133731022	1.5536331310868263	True	LAD16-exhaustive
M4	16	1	19457	1.7519983367842968	266816	2145	4.0712890625	0.9320297356111458	0.9118497183041504	1.2087260633707047	True	LAD16-exhaustive
M4	16	1	19489	1.7496275540750315	262592	2273	4.0068359375	0.9184374480845114	0.8941821253671702	1.1915470212697983	True	LAD16-exhaustive
M4	16	1	19553	1.74489764447401	250624	2241	3.82421875	0.8787954731425113	0.8426329323071641	1.1409751772880554	True	LAD16-exhaustive
M4	16	1	19681	1.7354840939609844	291456	2145	4.447265625	1.0271150343318742	1.03525802648394	1.335550457239151	True	LAD16-exhaustive
M4	16	1	19777	1.7284640221276746	331328	2209	5.0556640625	1.1720023931458938	1.223908875624666	1.5256632715463638	True	LAD16-exhaustive
M4	16	1	19841	1.7238028800743574	279872	2177	4.2705078125	0.9924468879756899	0.9901601511835278	1.2928946763277054	True	LAD16-exhaustive
M4	16	1	19937	1.716839282466621	322176	2081	4.916015625	1.1466983750892106	1.1913268255989167	1.4955231249332428	True	LAD16-exhaustive
M4	16	1	20129	1.7030121188756766	276480	2241	4.21875	0.9913057848104221	0.9886353665980011	1.295764446258545	True	LAD16-exhaustive
M4	16	1	20161	1.7007204211335072	264576	2049	4.037109375	0.9497778438827367	0.9343276433871214	1.2419458329677582	True	LAD16-exhaustive
M4	16	1	20353	1.6870461593187063	261760	1953	3.994140625	0.9464971141559356	0.9298808902208744	1.2404288351535797	True	LAD16-exhaustive
M4	16	1	20641	1.6667747533670472	289216	2113	4.4130859375	1.0570287183895457	1.0749905674210345	1.3899308294057846	True	LAD16-exhaustive
M4	16	1	20897	1.6489917784209727	256128	2081	3.908203125	0.9449014335330086	0.9273322759308004	1.2461810410022736	True	LAD16-exhaustive
M4	16	1	20929	1.6467842400325967	308160	1857	4.7021484375	1.1381761733026172	1.1823035728761349	1.501636728644371	True	LAD16-exhaustive
M4	16	1	21089	1.6357969335335163	272896	2177	4.1640625	1.0137596285382804	1.018187442778668	1.339964509010315	True	LAD16-exhaustive
M4	16	1	21121	1.6336094779470223	351392	2113	5.36181640625	1.3068561244046142	1.4057514963974402	1.728010930120945	True	LAD16-exhaustive
M4	16	1	21313	1.6205539404927887	309088	2017	4.71630859375	1.1574093250114423	1.2086012826519226	1.5337934121489525	True	LAD16-exhaustive
M4	16	1	21377	1.6162282177572234	247488	1953	3.7763671875	0.9288406821519181	0.9056290740396353	1.2318023890256882	True	LAD16-exhaustive
M4	16	1	21569	1.6033283298346177	320384	2177	4.888671875	1.210550189105839	1.2798468554493783	1.608944147825241	True	LAD16-exhaustive
M4	16	1	21601	1.601189518170779	299072	1825	4.5634765625	1.1312850856886074	1.1745579801108186	1.504145160317421	True	LAD16-exhaustive
M4	16	1	22273	1.5569917294272333	244032	1793	3.7236328125	0.9445207000821394	0.925665272492752	1.265510156750679	True	LAD16-exhaustive
M4	16	1	22369	1.5507868578974193	290048	1825	4.42578125	1.1262320347339143	1.1693186965934235	1.5106247067451477	True	LAD16-exhaustive
M4	16	1	22433	1.5466650532716173	299328	1985	4.5673828125	1.1647428454985052	1.2211352503671702	1.5634170323610306	True	LAD16-exhaustive
M4	16	1	22721	1.5282612881038897	235392	1889	3.591796875	0.9246874637064335	0.8985765895609217	1.2452578246593475	True	LAD16-exhaustive
M4	16	1	22817	1.5221785032166153	264064	1825	4.029296875	1.0405702960530039	1.0546954573414968	1.4028391540050507	True	LAD16-exhaustive
M4	16	1	23041	1.5080842880569012	228480	1825	3.486328125	0.9068877159515557	0.8741510082875563	1.2257154285907745	True	LAD16-exhaustive
M4	16	1	23201	1.498100631306789	232768	1857	3.5517578125	0.9286460174879699	0.903384954723621	1.257390335202217	True	LAD16-exhaustive
M4	16	1	23297	1.4921434322567748	291584	2049	4.44921875	1.1668480864862887	1.2261608181696804	1.5816261172294617	True	LAD16-exhaustive
M4	16	1	23873	1.456907746399235	250304	1921	3.8193359375	1.019808147323925	1.0270238320887695	1.3912812322378159	True	LAD16-exhaustive
M4	16	1	24001	1.4491931035756913	213824	1473	3.2626953125	0.8745973708375682	0.8286709421730755	1.1948844939470291	True	LAD16-exhaustive
M4	16	1	24097	1.4434340737682554	268416	1729	4.095703125	1.1011040499277602	1.1382796704528115	1.5059533417224884	True	LAD16-exhaustive
M4	16	1	24481	1.420625130002712	264640	1633	4.0380859375	1.0982090054650007	1.1348955800097276	1.5084286779165268	True	LAD16-exhaustive
M4	16	1	25057	1.3870739250328636	220096	1665	3.3583984375	0.9289053078465814	0.9017225856174181	1.2840483039617538	True	LAD16-exhaustive
M4	16	1	25121	1.3833937252367114	227072	1729	3.46484375	0.9601167031829112	0.9448285625047684	1.3281301856040955	True	LAD16-exhaustive
M4	16	1	25153	1.3815571398230517	242560	1729	3.701171875	1.0265479023892357	1.0367372575246052	1.4205257594585419	True	LAD16-exhaustive
M4	16	1	25409	1.3669480228408641	238848	1153	3.64453125	1.018251831140592	1.0253283669985505	1.413023293018341	True	LAD16-exhaustive
M4	16	1	25537	1.359698568367513	260480	1633	3.974609375	1.1144984145442616	1.1591149707694361	1.5487609803676605	True	LAD16-exhaustive
M4	16	1	25601	1.3560874560509006	190016	1537	2.8994140625	0.8144739665342181	0.7419989229276341	1.132627859711647	True	LAD16-exhaustive
M4	16	1	25633	1.3542852837703183	230144	1665	3.51171875	0.9873627448090339	0.9824198782139315	1.3735334277153015	True	LAD16-exhaustive
M4	16	1	25793	1.3453080367995085	209984	1633	3.2041015625	0.9049074938853637	0.8674813702840085	1.2610380798578262	True	LAD16-exhaustive
M4	16	1	25889	1.3399483803150218	218496	1697	3.333984375	0.9441013463026667	0.9220190964274815	1.31703981757164	True	LAD16-exhaustive
M4	16	1	26017	1.33283300484554	200960	1601	3.06640625	0.8714030431476101	0.8203508263714046	1.2173262238502502	True	LAD16-exhaustive
M4	16	1	26113	1.3275194088167837	318976	1729	4.8671875	1.3867936800312064	1.540915040627146	1.9393442869186401	True	LAD16-exhaustive
M4	16	1	26177	1.3239878529275977	194752	1601	2.9716796875	0.8481949928001515	0.7875586965695811	1.1869760006666183	True	LAD16-exhaustive
M4	16	1	26209	1.3222253115214748	284032	1729	4.333984375	1.2381125357993439	1.3333393832970932	1.7332366406917572	True	LAD16-exhaustive
M4	16	1	26497	1.3064585939870579	191488	1761	2.921875	0.8412391545875347	0.7770492389562829	1.181349515914917	True	LAD16-exhaustive
M4	16	1	26561	1.3029781564508642	273920	1473	4.1796875	1.2054451842371003	1.2887110656519416	1.693980097770691	True	LAD16-exhaustive
M4	16	1	26849	1.2874192648993557	196352	1633	2.99609375	0.870736503006473	0.8177786082818341	1.227449357509613	True	LAD16-exhaustive
M4	16	1	26881	1.2857008116417	224320	1633	3.4228515625	0.9956032813751137	0.9937998451447699	1.403956189751625	True	LAD16-exhaustive
M4	16	1	27073	1.2754328568240503	262144	1601	4.0	1.169359018659295	1.2393224994277867	1.65240478515625	True	LAD16-exhaustive
M4	16	1	27329	1.2618549495186482	211968	1601	3.234375	0.9518460800202446	0.9317652304112306	1.3487584590911865	True	LAD16-exhaustive
M4	16	1	27361	1.2601666611084479	225920	1537	3.447265625	1.015335803109122	1.021738533083467	1.439218670129776	True	LAD16-exhaustive
M4	16	1	27457	1.2551136177463516	226816	1729	3.4609375	1.021883182827555	1.0310515135042344	1.4499963521957397	True	LAD16-exhaustive
M4	16	1	27617	1.2467310104922174	228352	1569	3.484375	1.0330211307862418	1.0469365129320212	1.468322515487671	True	LAD16-exhaustive
M4	16	1	27809	1.236735753543007	217856	1473	3.32421875	0.9903496659533554	0.986254661154345	1.410571277141571	True	LAD16-exhaustive
M4	16	1	28001	1.226809269377485	181632	1665	2.771484375	0.829673430383756	0.7568983594167239	1.1841481626033783	True	LAD16-exhaustive
M4	16	1	28097	1.2218715226084669	223680	1537	3.4130859375	1.0241955270200092	1.0345689415722514	1.463279351592064	True	LAD16-exhaustive
M4	16	1	28289	1.2120464412610943	266880	1697	4.072265625	1.2278342669852595	1.326181769522011	1.757817417383194	True	LAD16-exhaustive
M4	16	1	28513	1.2006677797918517	201216	1537	3.0703125	0.9308419138365516	0.9007525797283894	1.3358126878738403	True	LAD16-exhaustive
M4	16	1	28961	1.1781762020717998	225792	1761	3.4453125	1.0559144864597443	1.0806240224689097	1.5225173234939575	True	LAD16-exhaustive
M4	16	1	29153	1.1686432683310066	227072	1057	3.46484375	1.0667728734765758	1.0964765368696117	1.541299283504486	True	LAD16-exhaustive
M4	16	1	29473	1.152893703360153	206336	1441	3.1484375	0.9766956302364012	0.9662149757763028	1.4159225225448608	True	LAD16-exhaustive
M4	16	1	29537	1.149764317872279	191552	1473	2.9228515625	0.9080724777175456	0.8666402167019531	1.317325845360756	True	LAD16-exhaustive
M4	16	1	29569	1.1482021669630953	178944	1409	2.73046875	0.8489362221226237	0.7807771491378652	1.2319523692131042	True	LAD16-exhaustive
M4	16	1	29633	1.1450829304986083	190720	1409	2.91015625	0.9061518594091501	0.8637164897573816	1.315867006778717	True	LAD16-exhaustive
M4	16	1	29761	1.1388646171631205	208320	1089	3.1787109375	0.9927134004673596	0.9894043825579842	1.4435061067342758	True	LAD16-exhaustive
M4	16	1	29921	1.1311292276136307	185920	1409	2.8369140625	0.8892401280596558	0.8386710256208515	1.2952164560556412	True	LAD16-exhaustive
M4	16	1	30113	1.1219011770999057	201600	1313	3.076171875	0.968475699145565	0.9539904428454261	1.4134638011455536	True	LAD16-exhaustive
M4	16	1	30241	1.1157817735110314	223104	1377	3.404296875	1.0748970702146154	1.1094581795510032	1.5708822906017303	True	LAD16-exhaustive
M4	16	1	30497	1.1036202891846418	179776	1441	2.7431640625	0.8711499751547661	0.811189050340467	1.2765239626169205	True	LAD16-exhaustive
M4	16	1	30529	1.1021072866762118	178176	1505	2.71875	0.8640148104388741	0.8006671053635462	1.2664904594421387	True	LAD16-exhaustive
M4	16	1	30593	1.099086033564042	252096	1441	3.8466796875	1.2242163748303043	1.3288848963101778	1.7956767529249191	True	LAD16-exhaustive
M4	16	1	30689	1.0945659840480992	169088	1441	2.580078125	0.8228718155358851	0.7399254990177004	1.2081911861896515	True	LAD16-exhaustive
M4	16	1	30817	1.0885611964882784	231808	1345	3.537109375	1.1313008511434635	1.1930434059567407	1.6632553040981293	True	LAD16-exhaustive
M4	16	1	30881	1.0855681492020146	279680	1377	4.267578125	1.3668590283575859	1.539728085421912	2.0109112560749054	True	LAD16-exhaustive
M4	16	1	30977	1.081090188869707	177088	1313	2.7021484375	0.8672957989518143	0.8045693468900206	1.2772285789251328	True	LAD16-exhaustive
M4	16	1	31393	1.0618447171019039	212096	1377	3.236328125	1.0481805961964035	1.0712603773270009	1.5502631962299347	True	LAD16-exhaustive
M4	16	1	31489	1.0574396780915052	253856	1505	3.87353515625	1.2571502776133354	1.3807087592150187	1.8611717000603676	True	LAD16-exhaustive
M4	16	1	31649	1.0501277042987596	186496	1313	2.845703125	0.9267333944180627	0.8913505486095217	1.3742623627185822	True	LAD16-exhaustive
M4	16	1	31873	1.0399528033608618	174336	1217	2.66015625	0.8704332309076257	0.8074183284695201	1.2937493920326233	True	LAD16-exhaustive
M4	16	1	32257	1.0226753507846151	227456	1441	3.470703125	1.144822385298644	1.216105450570306	1.7082896530628204	True	LAD16-exhaustive
M4	16	1	32321	1.0198157852097776	196864	1281	3.00390625	0.9921645469490885	0.9883002045662623	1.481464445590973	True	LAD16-exhaustive
M4	16	1	32353	1.0183881250967222	185152	1313	2.8251953125	0.9337563740735586	0.9010535430733577	1.3947073966264725	True	LAD16-exhaustive
M4	16	1	32609	1.0070174209208052	182016	1249	2.77734375	0.9227910248588809	0.8843732714389257	1.3819336295127869	True	LAD16-exhaustive
M4	16	1	32801	0.9985478216727692	170112	1409	2.595703125	0.865823891587262	0.7986672496089876	1.2991586029529572	True	LAD16-exhaustive
M4	16	1	32833	0.9971410433272023	184768	1345	2.8193359375	0.9410301809118565	0.9114863330424582	1.4124642461538315	True	LAD16-exhaustive
M4	16	1	32993	0.9901276546621709	131008	2305	1.9990234375	0.6693912418138752	0.5029492679245823	1.0063748210668564	True	LAD16-exhaustive
M4	16	1	33377	0.973433332605218	179456	1185	2.73828125	0.924009354590444	0.8853072904745556	1.3945863842964172	True	LAD16-exhaustive
M4	16	1	33409	0.9720508199576159	174912	1377	2.6689453125	0.901184447215723	0.8508093987230106	1.3605773001909256	True	LAD16-exhaustive
M4	16	1	33569	0.9651580597787799	161792	1153	2.46875	0.8362272839643203	0.7523379682612344	1.2645487785339355	True	LAD16-exhaustive
M4	16	1	33601	0.9637834507330432	168576	1249	2.572265625	0.8718396673824342	0.8061295073720149	1.3188277781009674	True	LAD16-exhaustive
M4	16	1	33857	0.952833475830948	237312	1313	3.62109375	1.2334933505085923	1.354121783684291	1.8707179427146912	True	LAD16-exhaustive
M4	16	1	33889	0.9514705541900561	170816	1249	2.6064453125	0.8884155253793098	0.8307137437294957	1.3478061705827713	True	LAD16-exhaustive
M4	16	1	34273	0.9352151404203326	243072	1249	3.708984375	1.2736255759495732	1.4167242158293278	1.9396670758724213	True	LAD16-exhaustive
M4	16	1	34337	0.9325236228748626	156800	1377	2.392578125	0.8225924691417514	0.7296399645704585	1.25356987118721	True	LAD16-exhaustive
M4	16	1	34369	0.9311797447667889	187840	1377	2.8662109375	0.9860346303545153	0.9787106692750057	1.5031250566244125	True	LAD16-exhaustive
M4	16	1	34721	0.9164791209900152	228352	1249	3.484375	1.2067206389143792	1.3162429903868162	1.8460233211517334	True	LAD16-exhaustive
M4	16	1	34849	0.9111703622260041	190720	1057	2.91015625	1.0102808730101411	1.0157478470473793	1.547485888004303	True	LAD16-exhaustive
M4	16	1	34913	0.9085232905101641	158208	1281	2.4140625	0.8390626399978098	0.7533251554512855	1.2860437631607056	True	LAD16-exhaustive
M4	16	1	35201	0.8966712065155793	245760	1217	3.75	1.3103930074650572	1.4771152819104296	2.0142173767089844	True	LAD16-exhaustive
M4	16	1	35393	0.8888235670319169	263328	1313	4.01806640625	1.4090383671172146	1.6299446756146525	2.1699741259217262	True	LAD16-exhaustive
M4	16	1	35521	0.8836154229198208	175744	1249	2.681640625	0.9425917970296173	0.9114756487468528	1.4534691870212555	True	LAD16-exhaustive
M4	16	1	35617	0.8797216162904586	167808	1249	2.560546875	0.9016035080559455	0.8481269252594034	1.3915862739086151	True	LAD16-exhaustive
M4	16	1	35809	0.871965389845311	193024	993	2.9453125	1.0406999458527393	1.0629388160906386	1.60932457447052	True	LAD16-exhaustive
M4	16	1	35969	0.8655335698206112	165056	1089	2.5185546875	0.8924760950769182	0.833461410768101	1.3822920769453049	True	LAD16-exhaustive
M4	16	1	36097	0.8604086798746682	154880	1217	2.36328125	0.8393750322855991	0.7509020108529794	1.3016870617866516	True	LAD16-exhaustive
M4	16	1	36161	0.8578530457092732	238912	1153	3.6455078125	1.296267385224714	1.4597422447213322	2.011493042111397	True	LAD16-exhaustive
M4	16	1	36353	0.8502131942277718	180480	1121	2.75390625	0.9825764948399223	0.9729114809834439	1.5275993943214417	True	LAD16-exhaustive
M4	16	1	36833	0.8312887127904336	150016	1089	2.2890625	0.8236269055026961	0.7244989557106889	1.2865148782730103	True	LAD16-exhaustive
M4	16	1	36929	0.8275334241018264	185856	1121	2.8359375	1.0220988438622345	1.0345515516517891	1.5980275869369507	True	LAD16-exhaustive
M4	16	1	37057	0.8225415297035852	211968	1249	3.234375	1.168280512856753	1.263435330357824	1.8288609981536865	True	LAD16-exhaustive
M4	16	1	37217	0.8163258535961475	157696	801	2.40625	0.8715490331088446	0.7986023689631495	1.3664765357971191	True	LAD16-exhaustive
M4	16	1	37313	0.8126092616057754	179008	1185	2.7314453125	0.9909616029996937	0.9858155023317693	1.5551516562700272	True	LAD16-exhaustive
M4	16	1	37409	0.80890221949962	163968	1057	2.501953125	0.9091891169288643	0.8573520172903791	1.4281549751758575	True	LAD16-exhaustive
M4	16	1	37441	0.8076686525224357	165248	961	2.521484375	0.9167854304340332	0.8692438618200199	1.440534919500351	True	LAD16-exhaustive
M4	16	1	37537	0.8039742675132722	163456	1217	2.494140625	0.9083219171125524	0.8558107368677043	1.4285668432712555	True	LAD16-exhaustive
M4	16	1	37633	0.8002893187512008	144832	1153	2.2099609375	0.8061362046461839	0.6948113215981918	1.2690347284078598	True	LAD16-exhaustive
M4	16	1	37889	0.7905085569850101	180608	1185	2.755859375	1.0095988925140682	1.0151484833962767	1.593273252248764	True	LAD16-exhaustive
M4	16	1	38113	0.7820044485434696	186752	865	2.849609375	1.0478461920092526	1.0756719632162204	1.6572137773036957	True	LAD16-exhaustive
M4	16	1	38177	0.7795838821710248	170624	929	2.603515625	0.9583694848775938	0.9341178914415961	1.5166384279727936	True	LAD16-exhaustive
M4	16	1	38273	0.775960630458215	163200	1121	2.490234375	0.9181251949211525	0.8703096091306173	1.454295963048935	True	LAD16-exhaustive
M4	16	1	38561	0.7651451550773327	188544	1185	2.876953125	1.0657296097172322	1.1044051186865798	1.6927824318408966	True	LAD16-exhaustive
M4	16	1	38593	0.7639484253172242	173184	1185	2.642578125	0.979419729353536	0.9673001843003739	1.556167870759964	True	LAD16-exhaustive
M4	16	1	38977	0.7496645676095302	218112	993	3.328125	1.2412003226902173	1.3846544308384832	1.9793751239776611	True	LAD16-exhaustive
M4	16	1	39041	0.747297613744319	176768	1089	2.697265625	1.0069609400400188	1.011107763265812	1.6068107187747955	True	LAD16-exhaustive
M4	16	1	39233	0.7402199633520787	166720	961	2.5439453125	0.9526439985998826	0.9242939871108949	1.5229279547929764	True	LAD16-exhaustive
M4	16	1	39521	0.7296681685484945	161856	1089	2.4697265625	0.9290860443626494	0.8863212554598687	1.4893503338098526	True	LAD16-exhaustive
M4	16	1	39841	0.7180337612740981	188672	961	2.87890625	1.0884689483966938	1.1422522912375066	1.750160276889801	True	LAD16-exhaustive
M4	16	1	39937	0.7145616564137285	149888	1089	2.287109375	0.8660145546626119	0.784363883564126	1.393742173910141	True	LAD16-exhaustive
M4	16	1	40129	0.7076424153173537	182144	1121	2.779296875	1.0555194228580689	1.0895155916208896	1.7018189132213593	True	LAD16-exhaustive
M4	16	1	40193	0.7053433564752716	145920	1217	2.2265625	0.8464382808953163	0.7522579776073853	1.365543007850647	True	LAD16-exhaustive
M4	16	1	40289	0.701901623178113	170624	1249	2.603515625	0.9912027613360391	0.9857944764724956	1.6005407869815826	True	LAD16-exhaustive
M4	16	1	40577	0.6916254149201482	166336	1057	2.5380859375	0.970558589847873	0.9523294893711376	1.5714708417654037	True	LAD16-exhaustive
M4	16	1	40609	0.690488119236182	167872	1249	2.5615234375	0.9799979770259035	0.9676036510786221	1.5872330516576767	True	LAD16-exhaustive
M4	16	1	40801	0.6836831085145381	165888	961	2.53125	0.9712376923149263	0.9533307583733883	1.575890064239502	True	LAD16-exhaustive
M4	16	1	40897	0.6802926023168308	143168	929	2.1845703125	0.8394314874315291	0.7392289932145037	1.3632564097642899	True	LAD16-exhaustive
M4	16	1	40961	0.6780366834956908	193536	1089	2.953125	1.1358450376070464	1.2207515545128558	1.8457481861114502	True	LAD16-exhaustive
M4	16	1	40993	0.6769100455364789	168128	1089	2.5654296875	0.9872020424647745	0.9791967525701915	1.6046853512525558	True	LAD16-exhaustive
M4	16	1	41057	0.6746594056500061	177152	993	2.703125	1.0411869851865057	1.06699020561532	1.6934540271759033	True	LAD16-exhaustive
M4	16	1	41281	0.6668097011049205	148224	1153	2.26171875	0.8740826441614552	0.794766334306096	1.4246522784233093	True	LAD16-exhaustive
M4	16	1	41729	0.6512372723948268	164992	865	2.517578125	0.9794154383402167	0.9663083478770885	1.6030276119709015	True	LAD16-exhaustive
M4	16	1	41761	0.6501313616613462	145920	1089	2.2265625	0.8666071108196018	0.7816048914702067	1.4188152551651	True	LAD16-exhaustive
M4	16	1	41953	0.6435136410042528	152960	1089	2.333984375	0.9109635167123307	0.8539657661459525	1.4941047132015228	True	LAD16-exhaustive
M4	16	1	42017	0.6413144627144831	142016	929	2.1669921875	0.8465719906853196	0.7482034140869382	1.3893205374479294	True	LAD16-exhaustive
M4	16	1	42209	0.6347369705468147	165760	1025	2.529296875	0.9908588115985577	0.9849712641622796	1.6290144622325897	True	LAD16-exhaustive
M4	16	1	42337	0.6303685768599632	140032	1057	2.13671875	0.8386074395464068	0.7343444223506523	1.380344569683075	True	LAD16-exhaustive
M4	16	1	42433	0.6271009401221157	152256	1025	2.3232421875	0.9130680918622879	0.8567808917706188	1.504244014620781	True	LAD16-exhaustive
M4	16	1	42689	0.618423252944373	128064	1121	1.9541015625	0.7707961413509249	0.6214944930428397	1.2728674560785294	True	LAD16-exhaustive
M4	16	1	43201	0.6012229127297868	143488	897	2.189453125	0.8698734959270619	0.7840934531643396	1.443276435136795	True	LAD16-exhaustive
M4	16	1	43457	0.5926990371534266	176512	929	2.693359375	1.0738890777247412	1.1228857611867704	1.7859698235988617	True	LAD16-exhaustive
M4	16	1	43649	0.5863390184072177	152320	769	2.32421875	0.9291638355322208	0.8819840424010071	1.54800146818161	True	LAD16-exhaustive
M4	16	1	43777	0.5821145291893259	166784	929	2.544921875	1.019184032145373	1.0319988543812466	1.6999671161174774	True	LAD16-exhaustive
M4	16	1	43969	0.5758008991678221	155200	1089	2.3681640625	0.9508858641151237	0.917934014863241	1.5888337045907974	True	LAD16-exhaustive
M4	16	1	44129	0.570560565440914	162048	929	2.47265625	0.99500152881757	0.9916357313839933	1.6649757027626038	True	LAD16-exhaustive
M4	16	1	44257	0.5663819603602231	171136	961	2.611328125	1.052622675860946	1.088159744077592	1.7634513676166534	True	LAD16-exhaustive
M4	16	1	44417	0.5611756663608514	161344	1025	2.4619140625	0.9945324952166628	0.990826839308194	1.6685613542795181	True	LAD16-exhaustive
M4	16	1	44449	0.5601366583419498	153472	961	2.341796875	0.9464151994551481	0.9100714014934768	1.588295429944992	True	LAD16-exhaustive
M4	16	1	44641	0.5539182752081384	130368	833	1.9892578125	0.8060054640558062	0.6738606547312505	1.355017974972725	True	LAD16-exhaustive
M4	16	1	45121	0.538488578444035	172416	961	2.630859375	1.0727570656753813	1.1228504746986343	1.8113251626491547	True	LAD16-exhaustive
M4	16	1	45281	0.5333818009929843	164160	1057	2.5048828125	1.0235308857278056	1.0397894046358815	1.7307067662477493	True	LAD16-exhaustive
M4	16	1	45377	0.5303263888794891	247808	1025	3.78125	1.5470082700699654	1.925761520561532	2.6181302070617676	True	LAD16-exhaustive
M4	16	1	45569	0.524234909114119	233984	929	3.5703125	1.4643538514589933	1.7872369010833906	2.4825373888015747	True	LAD16-exhaustive
M4	16	1	45697	0.5201881647336943	124352	737	1.8974609375	0.779526327504113	0.6257919044928283	1.323063239455223	True	LAD16-exhaustive
M4	16	1	45953	0.5121285708221599	150272	897	2.29296875	0.9451133123632139	0.9066268859197375	1.6078001856803894	True	LAD16-exhaustive
M4	16	1	46049	0.5091177933566442	146816	833	2.240234375	0.9245102589472953	0.8714664337281606	1.5741051137447357	True	LAD16-exhaustive
M4	16	1	46273	0.5021169848103835	160256	993	2.4453125	1.0120201176346952	1.0205072909514	1.7265616655349731	True	LAD16-exhaustive
M4	16	1	46337	0.5001229777416967	136960	865	2.08984375	0.8656061377623534	0.7705819767109179	1.4776167273521423	True	LAD16-exhaustive
M4	16	1	46817	0.4852551299089978	153600	865	2.34375	0.9766389895150954	0.9599503128099489	1.6743063926696777	True	LAD16-exhaustive
M4	16	1	47041	0.4783688910648287	157312	897	2.400390625	1.003027069629628	1.005199899147402	1.722973257303238	True	LAD16-exhaustive
M4	16	1	47137	0.47542767821479615	189184	865	2.88671875	1.2076759240871733	1.3570498469329366	2.0762826800346375	True	LAD16-exhaustive
M4	16	1	47297	0.4705389426445006	125824	929	1.919921875	0.804794250938342	0.6639130986781873	1.3855979144573212	True	LAD16-exhaustive
M4	16	1	47521	0.46372242488718207	238976	961	3.646484375	1.532732309513648	1.9190292818245975	2.644112914800644	True	LAD16-exhaustive
M4	16	1	47681	0.4588731271019828	128896	929	1.966796875	0.8283179214675929	0.7034079773689631	1.430951565504074	True	LAD16-exhaustive
M4	16	1	47713	0.45790522046131166	152192	897	2.322265625	0.9784036783486243	0.9626803962100404	1.6907083094120026	True	LAD16-exhaustive
M4	16	1	47777	0.455971353115153	144256	929	2.201171875	0.928104602088702	0.8756906793602655	1.6046964824199677	True	LAD16-exhaustive
M4	16	1	47809	0.4550053906722624	120320	929	1.8359375	0.7744065494203487	0.6098319361791409	1.3393300771713257	True	LAD16-exhaustive
M4	16	1	47969	0.4501852561681545	131264	865	2.0029296875	0.8464770772808667	0.7341044354877165	1.466042086482048	True	LAD16-exhaustive
M4	16	1	48193	0.4434640092375819	182784	801	2.7890625	1.1818838725951393	1.3156372787441826	2.050984025001526	True	LAD16-exhaustive
M4	16	1	48353	0.4386822178041818	121728	609	1.857421875	0.7885986225227856	0.6326225669012742	1.370421141386032	True	LAD16-exhaustive
M4	16	1	48449	0.4358207321049221	146944	705	2.2421875	0.9530437797190834	0.918329780842298	1.6575888395309448	True	LAD16-exhaustive
M4	16	1	48481	0.4348681633855236	137472	545	2.09765625	0.8919491357024453	0.8120160625047684	1.5517650246620178	True	LAD16-exhaustive
M4	16	1	48673	0.4291659214096981	146816	737	2.240234375	0.9547398407675032	0.9211250131132219	1.6638019979000092	True	LAD16-exhaustive
M4	16	1	49057	0.4178286094954853	163328	865	2.4921875	1.0669090528789096	1.1169946164263371	1.8655279874801636	True	LAD16-exhaustive
M4	16	1	49121	0.415947689214045	235040	1121	3.58642578125	1.536498925488254	1.9386254795266842	2.6881228759884834	True	LAD16-exhaustive
M4	16	1	49409	0.40751376340304013	235936	1057	3.60009765625	1.547512050195367	1.9602994597948615	2.7141910567879677	True	LAD16-exhaustive
M4	16	1	49537	0.4037811199764114	156288	993	2.384765625	1.0266105982830316	1.0467251814393073	1.8025838434696198	True	LAD16-exhaustive
M4	16	1	49633	0.4009879614166181	150272	961	2.29296875	0.9881817689701132	0.9792312194819562	1.7365557551383972	True	LAD16-exhaustive
M4	16	1	49697	0.3991288554990913	169408	897	2.5849609375	1.1148361888272138	1.201919641579881	1.9602173417806625	True	LAD16-exhaustive
M4	16	1	49921	0.39264078639880573	162432	769	2.478515625	1.071663477997029	1.1262528193427177	1.8879696428775787	True	LAD16-exhaustive
M4	16	1	50177	0.3852614034799622	110336	513	1.68359375	0.7300684768541724	0.523394882028687	1.2890271544456482	True	LAD16-exhaustive
M4	16	1	50273	0.3825038372063574	118272	833	1.8046875	0.7834264876994681	0.6172893062867171	1.3843849897384644	True	LAD16-exhaustive
M4	16	1	50497	0.37608993978779637	157056	961	2.396484375	1.0429473893785766	1.076039848697261	1.8465465009212494	True	LAD16-exhaustive
M4	16	1	50593	0.3733498316552488	141184	865	2.154296875	0.9385535081709406	0.8911168352311741	1.6630911529064178	True	LAD16-exhaustive
M4	16	1	50753	0.3687945182078298	133632	641	2.0390625	0.8899330890762589	0.804692745288777	1.579109787940979	True	LAD16-exhaustive
M4	16	1	50849	0.3660682182306445	120768	737	1.8427734375	0.8051208630347599	0.6539129705262455	1.4297971576452255	True	LAD16-exhaustive
M4	16	1	51137	0.3579200944442338	112192	1345	1.7119140625	0.7503269800300201	0.5555069720616846	1.3357871919870377	True	LAD16-exhaustive
M4	16	1	51169	0.3570175815356258	129152	865	1.970703125	0.8640570006437226	0.7579142168783856	1.5386796295642853	True	LAD16-exhaustive
M4	16	1	51329	0.35251346644978376	151808	929	2.31640625	1.0174118326109838	1.031049308098726	1.814251959323883	True	LAD16-exhaustive
M4	16	1	51361	0.3516143284070754	164928	769	2.5166015625	1.1057279363841577	1.1885888891670482	1.9722774177789688	True	LAD16-exhaustive
M4	16	1	51521	0.3471270246486462	167296	833	2.552734375	1.12355990068322	1.2206977605001144	2.0068272054195404	True	LAD16-exhaustive
M4	16	1	51713	0.3417606188669442	142848	897	2.1796875	0.9613654790486831	0.9308793726634623	1.7199429273605347	True	LAD16-exhaustive
M4	16	1	52289	0.3257801407962262	158144	737	2.4130859375	1.0709010947339888	1.1274715890125506	1.9253212064504623	True	LAD16-exhaustive
M4	16	1	52321	0.3248975054315686	141376	865	2.1572265625	0.9576792948730867	0.923891828436141	1.7222328335046768	True	LAD16-exhaustive
M4	16	1	52609	0.3169779930874519	213504	801	3.2578125	1.4506894790467566	1.8124858138780804	2.61520779132843	True	LAD16-exhaustive
M4	16	1	52673	0.31522398966825094	123136	673	1.87890625	0.8372329191446434	0.7064107561799039	1.5101261734962463	True	LAD16-exhaustive
M4	16	1	52769	0.3125969764819754	230144	865	3.51171875	1.5663873302572187	2.022444292648966	2.8276044726371765	True	LAD16-exhaustive
M4	16	1	53089	0.30387465376058387	120896	833	1.8447265625	0.8255891596688908	0.6843013424362936	1.4943647533655167	True	LAD16-exhaustive
M4	16	1	53281	0.2986664606858529	97344	705	1.4853515625	0.66608046560701	0.39459855957217516	1.2075960785150528	True	LAD16-exhaustive
M4	16	1	53377	0.2960693978996378	145792	801	2.224609375	0.998578567422758	0.9974208378633554	1.8118740022182465	True	LAD16-exhaustive
M4	16	1	53441	0.2943406163522315	230432	993	3.51611328125	1.5793488591252123	2.0517831672126534	2.8671968057751656	True	LAD16-exhaustive
M4	16	1	53569	0.2908892556699545	136192	801	2.078125	0.9346711959715879	0.8812707427328909	1.698655366897583	True	LAD16-exhaustive
M4	16	1	53633	0.28916666665880975	131968	833	2.013671875	0.906277387149864	0.8295760078107118	1.6479379832744598	True	LAD16-exhaustive
M4	16	1	53857	0.283153750909225	119872	769	1.8291015625	0.8250965127610099	0.6813599275434882	1.5031421333551407	True	LAD16-exhaustive
M4	16	1	54049	0.2780196945976918	129280	737	1.97265625	0.8915916649070946	0.8021835302700847	1.6268935799598694	True	LAD16-exhaustive
M4	16	1	54401	0.2686544490892562	146944	801	2.2421875	1.0170194285910819	1.031147359235523	1.8612250089645386	True	LAD16-exhaustive
M4	16	1	54497	0.26611080715270496	122752	769	1.873046875	0.8504018557290972	0.726000389820325	1.55754753947258	True	LAD16-exhaustive
M4	16	1	54721	0.26019302542669287	126976	673	1.9375	0.8816353238092071	0.7828021286335546	1.6177663803100586	True	LAD16-exhaustive
M4	16	1	54881	0.2559808510043844	132800	769	2.0263671875	0.9235405396059286	0.8595110645790417	1.696915552020073	True	LAD16-exhaustive
M4	16	1	55009	0.2526199437562404	117312	1057	1.7900390625	0.8168656987412273	0.6631457814765012	1.5025063902139664	True	LAD16-exhaustive
M4	16	1	55073	0.25094242167233993	144000	801	2.197265625	1.0033331932013216	1.0061342758163576	1.846466213464737	True	LAD16-exhaustive
M4	16	1	55201	0.24759321790411448	125312	737	1.912109375	0.8742243374749453	0.7682818281738766	1.6105705201625824	True	LAD16-exhaustive
M4	16	1	55457	0.24091804594453592	117120	801	1.787109375	0.819126261317897	0.6660673626211185	1.5122638642787933	True	LAD16-exhaustive
M4	16	1	55681	0.23510249902529878	169728	865	2.58984375	1.1896539222854243	1.3507910253109026	2.2003950476646423	True	LAD16-exhaustive
M4	16	1	56417	0.21615766846174544	193792	673	2.95703125	1.3679712676401372	1.6847460445754177	2.545575439929962	True	LAD16-exhaustive
M4	16	1	56737	0.2079977511133162	123648	577	1.88671875	0.8754805819709337	0.7676777556839857	1.6334039568901062	True	LAD16-exhaustive
M4	16	1	56897	0.2039350346888842	119296	769	1.8203125	0.8459415864520714	0.7121892166399634	1.5803576707839966	True	LAD16-exhaustive
M4	16	1	56929	0.20312386250459014	137856	737	2.103515625	0.977846885742953	0.9586028994525826	1.8272558748722076	True	LAD16-exhaustive
M4	16	1	56993	0.20150288512830805	147072	801	2.244140625	1.0438455425749624	1.0819761446650644	1.9516038000583649	True	LAD16-exhaustive
M4	16	1	57089	0.19907482887724726	135040	513	2.060546875	0.9593110691779342	0.9238660341325247	1.7949609458446503	True	LAD16-exhaustive
M4	16	1	57601	0.18619376221147554	113280	609	1.728515625	0.8085712424930565	0.6403178227759976	1.5192295610904694	True	LAD16-exhaustive
M4	16	1	57697	0.18379131367063906	125952	641	1.921875	0.899818406542132	0.8116185530632486	1.6919925212860107	True	LAD16-exhaustive
M4	16	1	57793	0.18139285915813552	150592	737	2.2978515625	1.0768011753337645	1.1445294171292058	2.0263631492853165	True	LAD16-exhaustive
M4	16	1	58049	0.17501640620152337	128512	609	1.9609375	0.9210776551778548	0.8511705338750286	1.7369149923324585	True	LAD16-exhaustive
M4	16	1	58337	0.16787642338839603	135296	641	2.064453125	0.972245559554419	0.9475395125219348	1.8376770317554474	True	LAD16-exhaustive
M4	16	1	58369	0.16708526882109886	149248	705	2.27734375	1.0728166753595525	1.1376711275463494	2.028294026851654	True	LAD16-exhaustive
M4	16	1	58657	0.15998433380505617	100864	449	1.5390625	0.7269130786403311	0.4824870536736095	1.3775144815444946	True	LAD16-exhaustive
M4	16	1	58913	0.15370159987367238	118144	705	1.802734375	0.853404556396045	0.7216218850137331	1.6205519139766693	True	LAD16-exhaustive
M4	16	1	59009	0.1513526106346461	156032	769	2.380859375	1.128052181232135	1.243352877994583	2.14373978972435	True	LAD16-exhaustive
M4	16	1	59233	0.14588646365213798	124864	673	1.9052734375	0.9045192799711264	0.8182202109321355	1.7220315784215927	True	LAD16-exhaustive
M4	16	1	59393	0.14199471401009767	136576	673	2.083984375	0.9907633515655018	0.9823923702506294	1.8886426389217377	True	LAD16-exhaustive
M4	16	1	59617	0.1365638414652821	156672	737	2.390625	1.1387903559271926	1.2650475413900968	2.1747114658355713	True	LAD16-exhaustive
M4	16	1	59809	0.13192502434840847	164224	609	2.505859375	1.1956929997397163	1.3742876838235294	2.2868796288967133	True	LAD16-exhaustive
M4	16	1	60161	0.1234590726662077	131200	737	2.001953125	0.9581808645710683	0.9197909812027923	1.8377609550952911	True	LAD16-exhaustive
M4	16	1	60257	0.1211587728228789	145472	737	2.2197265625	1.0632954677289692	1.121493300931754	2.0409250408411026	True	LAD16-exhaustive
M4	16	1	60289	0.1203928205325866	195328	641	2.98046875	1.4281017967061134	1.8219345459487297	2.74184387922287	True	LAD16-exhaustive
M4	16	1	60353	0.11886213484636698	155520	801	2.373046875	1.1376818922127208	1.2644769672217135	2.185371369123459	True	LAD16-exhaustive
M4	16	1	60449	0.1165691470964827	124288	673	1.896484375	0.9099614552988872	0.8269105666342412	1.749276489019394	True	LAD16-exhaustive
M4	16	1	60737	0.1097119696338531	122880	705	1.875	0.9018774946147998	0.8109388113221943	1.7376995086669922	True	LAD16-exhaustive
M4	16	1	60961	0.10440105155619328	119040	833	1.81640625	0.8753631846560366	0.7594253666933699	1.6896048188209534	True	LAD16-exhaustive
M4	16	1	61057	0.1021309151418528	140352	705	2.1416015625	1.032922827679178	1.0635960418335622	1.9952356964349747	True	LAD16-exhaustive
M4	16	1	61121	0.10061947296630613	169984	641	2.59375	1.2516785130589945	1.4864056420233462	2.419015407562256	True	LAD16-exhaustive
M4	16	1	61153	0.09986434526356547	122880	545	1.875	0.9050728956175802	0.8164930952925917	1.7496013641357422	True	LAD16-exhaustive
M4	16	1	61409	0.09383751039506016	162304	449	2.4765625	1.1980339879198703	1.3836000085831999	2.3206058740615845	True	LAD16-exhaustive
M4	16	1	61441	0.09308592321797349	152000	769	2.3193359375	1.122277590536302	1.2369164467221714	2.1744128316640854	True	LAD16-exhaustive
M4	16	1	61729	0.08633920033096487	155072	737	2.3662109375	1.1477231185640675	1.2868670933232242	2.2287572473287582	True	LAD16-exhaustive
M4	16	1	62017	0.07962388150104793	161216	769	2.4599609375	1.1960564903799038	1.3815884254358357	2.3278716653585434	True	LAD16-exhaustive
M4	16	1	62081	0.07813582382400597	119296	705	1.8203125	0.8855223507436372	0.7770782072556649	1.7243472337722778	True	LAD16-exhaustive
M4	16	1	62273	0.07368083776871437	124928	417	1.90625	0.9287987156516024	0.8611414702067598	1.8113389015197754	True	LAD16-exhaustive
M4	16	1	62401	0.0707184714354483	115776	609	1.7666015625	0.8616628947408275	0.7299413153515297	1.6820938736200333	True	LAD16-exhaustive
M4	16	1	62497	0.0685006816998257	116480	673	1.77734375	0.8675850751667552	0.7413084968909743	1.6949257254600525	True	LAD16-exhaustive
M4	16	1	62753	0.062603189567767	148224	673	2.26171875	1.1063360307959436	1.2081580333981843	2.165674388408661	True	LAD16-exhaustive
M4	16	1	63073	0.05526506535802156	102144	321	1.55859375	0.7643784491925074	0.5376086609254597	1.500018060207367	True	LAD16-exhaustive
M4	16	1	63361	0.04869251540461761	151552	577	2.3125	1.1367483281094837	1.2689602883955138	2.235753059387207	True	LAD16-exhaustive
M4	16	1	63521	0.045053995695045757	192896	705	2.943359375	1.448713200931185	1.8836366958018615	2.8528614938259125	True	LAD16-exhaustive
M4	16	1	63617	0.04287528043686706	116800	513	1.7822265625	0.8778796087289589	0.7593332910133898	1.7300400882959366	True	LAD16-exhaustive
M4	16	1	63649	0.04214977256702923	129664	705	1.978515625	0.9748153100664556	0.9503553981174182	1.9215475618839264	True	LAD16-exhaustive
M4	16	1	63809	0.038527695839141174	189056	705	2.884765625	1.4231352808450721	1.835126417420081	2.808746486902237	True	LAD16-exhaustive
M4	16	1	63841	0.037804370460753134	138816	641	2.1181640625	1.045214815066647	1.0892608821860457	2.063380613923073	True	LAD16-exhaustive
M4	16	1	64033	0.03347201742560024	112640	641	1.71875	0.8494128083323043	0.7022769321736476	1.6793322563171387	True	LAD16-exhaustive
M4	16	1	64513	0.022697713469028713	142336	705	2.171875	1.077403511588029	1.1535999370565346	2.137972593307495	True	LAD16-exhaustive
M4	16	1	64577	0.021267200025976152	144128	705	2.19921875	1.0915130750334328	1.1816883988517586	2.1670371890068054	True	LAD16-exhaustive
M4	16	1	64609	0.020552474866086357	132352	641	2.01953125	1.0025809451934011	1.0051254220073242	1.990965187549591	True	LAD16-exhaustive
M4	16	1	65089	0.009873871012855417	123904	513	1.890625	0.9420848437117222	0.8845638303959716	1.8777296543121338	True	LAD16-exhaustive
M4	16	1	65537	-2.201361136044966e-05	65536	1	1.0	0.5000076293945312	0.0	1.0000152587890625	True	LAD16-exhaustive
M4	16	1	65633	-0.002133757892124777	113792	737	1.736328125	0.8688126969087354	0.7374292184042878	1.7388980686664581	True	LAD16-exhaustive
M4	16	1	65729	-0.004242415625434148	100992	673	1.541015625	0.7716465749605756	0.542617166638056	1.545553833246231	True	LAD16-exhaustive
M4	16	1	65761	-0.004944617195437928	110976	641	1.693359375	0.8481370785048669	0.6957504518101014	1.6991730630397797	True	LAD16-exhaustive
M4	16	1	65921	-0.008450507448284128	134528	609	2.052734375	1.0293809543449899	1.0589349619954986	2.064793437719345	True	LAD16-exhaustive
M4	16	1	66337	-0.017526149242659272	137216	609	2.09375	1.0532417325133463	1.1071350232700083	2.119340419769287	True	LAD16-exhaustive
M4	16	1	66529	-0.02169572822690924	119552	577	1.82421875	0.9189745064419523	0.8367200613221942	1.8518592715263367	True	LAD16-exhaustive
M4	16	1	66593	-0.023082914262733567	139584	673	2.1298828125	1.07346880398411	1.1481236916580835	2.1642347127199173	True	LAD16-exhaustive
M4	16	1	66721	-0.025853291297096348	83072	353	1.267578125	0.6394725386986224	0.27242053983558406	1.290498048067093	True	LAD16-exhaustive
M4	16	1	66977	-0.03137813657269817	105856	513	1.615234375	0.816405704648447	0.628771690461204	1.6507500112056732	True	LAD16-exhaustive
M4	16	1	67073	-0.03344451102406509	73984	449	1.12890625	0.5709997051931256	0.13193147030212862	1.155382215976715	True	LAD16-exhaustive
M4	16	1	67169	-0.03550793003651975	109056	545	1.6640625	0.8422761488915179	0.6806197308690013	1.7055269479751587	True	LAD16-exhaustive
M4	16	1	67489	-0.04236475669554807	107520	609	1.640625	0.8323621348403296	0.6597259575036241	1.689516305923462	True	LAD16-exhaustive
M4	16	1	67777	-0.04850816005816938	133376	737	2.03515625	1.0346914393021633	1.0705696979667354	2.1047483086586	True	LAD16-exhaustive
M4	16	1	68161	-0.05665888125841434	137536	641	2.0986328125	1.0699266330541863	1.142655239685855	2.182692125439644	True	LAD16-exhaustive
M4	16	1	68449	-0.06274184425279472	83328	225	1.271484375	0.6495688588516166	0.28355587067025256	1.328000396490097	True	LAD16-exhaustive
M4	16	1	68737	-0.06879926676198522	98944	449	1.509765625	0.7728845907234941	0.5346724615186541	1.5835076868534088	True	LAD16-exhaustive
M4	16	1	68897	-0.07215354420106479	106688	577	1.6279296875	0.8343212306570422	0.6601430026655604	1.7114177197217941	True	LAD16-exhaustive
M4	16	1	68993	-0.07416237364920875	122112	545	1.86328125	0.9555881547428788	0.9088328874837873	1.9615686535835266	True	LAD16-exhaustive
M4	16	1	69313	-0.08083834196419204	136384	673	2.0810546875	1.0696795173431382	1.1433759602454796	2.2009909600019455	True	LAD16-exhaustive
M4	16	1	69473	-0.08416477703410052	115584	545	1.763671875	0.9075578941386807	0.8095609395265888	1.8696224391460419	True	LAD16-exhaustive
M4	16	1	69697	-0.08880893839394943	103936	545	1.5859375	0.8173737424389198	0.6231492475394828	1.6866315603256226	True	LAD16-exhaustive
M4	16	1	69761	-0.09013310035093625	114304	577	1.744140625	0.8993096184707974	0.7921262552929732	1.8565825521945953	True	LAD16-exhaustive
M4	16	1	69857	-0.09211706725709234	132608	545	2.0234375	1.0440149598019086	1.090932683871214	2.1568492650985718	True	LAD16-exhaustive
M4	16	1	70177	-0.09871065476698604	118272	673	1.8046875	0.933208225414849	0.8616854304951552	1.9324883222579956	True	LAD16-exhaustive
M4	16	1	70241	-0.10002576378449746	132480	641	2.021484375	1.0457745403044352	1.0948361026073854	2.1666119992733	True	LAD16-exhaustive
M4	16	1	70529	-0.10592896406136276	207392	705	3.16455078125	1.6403501444230748	2.3294972465214197	3.405648835003376	True	LAD16-exhaustive
M4	16	1	70657	-0.10854487521158873	114816	673	1.751953125	0.9089208760655912	0.8107233074406806	1.8888511955738068	True	LAD16-exhaustive
M4	16	1	70753	-0.11050370054504555	133184	641	2.0322265625	1.055016773131622	1.1144140684605555	2.194002166390419	True	LAD16-exhaustive
M4	16	1	70849	-0.11245986988085477	111104	481	1.6953125	0.8806839168267538	0.7516929169527733	1.8327513933181763	True	LAD16-exhaustive
M4	16	1	70913	-0.11376251077037125	126528	609	1.9306640625	1.0033799005046795	1.0070371658512627	2.0890683084726334	True	LAD16-exhaustive
M4	16	1	71233	-0.12025813066791358	140928	641	2.150390625	1.119989876218304	1.2504123810273136	2.337322622537613	True	LAD16-exhaustive
M4	16	1	71329	-0.12220112732704536	108416	577	1.654296875	0.8621649359720234	0.7121437674048219	1.8005270659923553	True	LAD16-exhaustive
M4	16	1	71713	-0.1299470512728611	129152	577	1.970703125	1.0297055928182923	1.0622115389200428	2.156448870897293	True	LAD16-exhaustive
M4	16	1	71777	-0.1312340049105991	126848	609	1.935546875	1.0117669835620704	1.02465473482681	2.119869202375412	True	LAD16-exhaustive
M4	16	1	71809	-0.13187705147604234	107648	609	1.642578125	0.8588063008076435	0.7040954082265202	1.7998030483722687	True	LAD16-exhaustive
M4	16	1	72161	-0.13893171100644253	120640	513	1.8408203125	0.9647007507139822	0.9258325256780728	2.0269078761339188	True	LAD16-exhaustive
M4	16	1	72353	-0.14276521656066876	147456	641	2.25	1.1806266680204223	1.3800450141145952	2.4840431213378906	True	LAD16-exhaustive
M4	16	1	72481	-0.14531523952918945	114944	641	1.75390625	0.9210879818734784	0.8338121447508965	1.9397717118263245	True	LAD16-exhaustive
M4	16	1	72577	-0.14722480320917342	124672	577	1.90234375	0.9996698501487923	0.9993042243648432	2.106726109981537	True	LAD16-exhaustive
M4	16	1	72673	-0.14913184271474478	103168	673	1.57421875	0.8277610501472419	0.6367620236324102	1.745654284954071	True	LAD16-exhaustive
M4	16	1	73121	-0.1579981803225614	140800	545	2.1484375	1.1329902668294196	1.2813748140306707	2.397093176841736	True	LAD16-exhaustive
M4	16	1	74017	-0.17556904216903746	119808	545	1.828125	0.969619411581346	0.935306754024567	2.064702272415161	True	LAD16-exhaustive
M4	16	1	74177	-0.17868430049574258	109568	577	1.671875	0.8876450975936212	0.7604741264209964	1.8923137187957764	True	LAD16-exhaustive
M4	16	1	74209	-0.1793065457483145	127872	417	1.951171875	1.0361411843934265	1.0770658987087052	2.209388941526413	True	LAD16-exhaustive
M4	16	1	74561	-0.1861335888625426	145536	673	2.220703125	1.1818884600782678	1.388828041552224	2.5265174210071564	True	LAD16-exhaustive
M4	16	1	75041	-0.1953914329548212	119680	545	1.826171875	0.9748304381393339	0.9460099743934539	2.091030329465866	True	LAD16-exhaustive
M4	16	1	75169	-0.19785019082621957	117888	513	1.798828125	0.9609969249497171	0.9162601865892271	2.063234120607376	True	LAD16-exhaustive
M4	16	1	75329	-0.2009177570863514	123520	545	1.884765625	1.007904856923167	1.016991069895857	2.1664048731327057	True	LAD16-exhaustive
M4	16	1	75521	-0.20459024760578615	77440	417	1.181640625	0.6326471872208556	0.20931840452620737	1.3616742193698883	True	LAD16-exhaustive
M4	16	1	75553	-0.20520142149406695	110208	513	1.681640625	0.9005230362654868	0.7858395382715343	1.9386748373508453	True	LAD16-exhaustive
M4	16	1	75617	-0.20642299307749212	122368	609	1.8671875	1.0002771281136646	1.0005968900205997	2.1544054746627808	True	LAD16-exhaustive
M4	16	1	75937	-0.21251538389735103	118016	481	1.80078125	0.9665935717403443	0.9278847300106813	2.0865772366523743	True	LAD16-exhaustive
M4	16	1	76001	-0.2137307808102733	116736	641	1.78125	0.956483023753674	0.9060163462272068	2.065685749053955	True	LAD16-exhaustive
M4	16	1	76129	-0.21615850721282825	122880	641	1.875	1.0076086726338378	1.0164473182269016	2.178068161010742	True	LAD16-exhaustive
M4	16	1	76289	-0.21918743150433428	103168	513	1.57421875	0.846793026700347	0.6684454752231632	1.8325130343437195	True	LAD16-exhaustive
M4	16	1	76481	-0.22281376643517703	187136	577	2.85546875	1.5377781761826133	2.1653788886663614	3.3323532938957214	True	LAD16-exhaustive
M4	16	1	76673	-0.22643100911851022	121728	513	1.857421875	1.001449337743833	1.0031449976634623	2.1730668246746063	True	LAD16-exhaustive
M4	16	1	76801	-0.22883747546526223	149888	545	2.287109375	1.234067889426252	1.508373954518578	2.680241197347641	True	LAD16-exhaustive
M4	16	1	76961	-0.23183992457304825	154880	641	2.36328125	1.2763901322230098	1.6009687690737773	2.775276005268097	True	LAD16-exhaustive
M4	16	1	77153	-0.23543463486749872	120320	545	1.8359375	0.9927119725379849	0.9841319285496299	2.161378264427185	True	LAD16-exhaustive
M4	16	1	77249	-0.23722863678162298	116992	513	1.78515625	0.9658052383757985	0.9254983620393683	2.1042104363441467	True	LAD16-exhaustive
M4	16	1	77377	-0.23961717438092478	131008	545	1.9990234375	1.0823334396232471	1.1795443125572214	2.3602056354284286	True	LAD16-exhaustive
M4	16	1	77569	-0.24319258245373376	138496	449	2.11328125	1.1454963752323486	1.3177098234721905	2.501298725605011	True	LAD16-exhaustive
M4	16	1	77761	-0.24675915155081185	92032	481	1.404296875	0.7620556700597017	0.4797212069409476	1.6662525832653046	True	LAD16-exhaustive
M4	16	1	78017	-0.25150090279867143	129856	481	1.9814453125	1.0768670512797627	1.1683744403038452	2.358801558613777	True	LAD16-exhaustive
M4	16	1	78049	-0.2520925273928256	102848	545	1.5693359375	0.8530553584378309	0.678051431844625	1.8689743131399155	True	LAD16-exhaustive
M4	16	1	78241	-0.25563718907555355	131072	513	2.0	1.0883735811261963	1.1938811322194247	2.387725830078125	True	LAD16-exhaustive
M4	16	1	78401	-0.2585844354950346	123136	641	1.87890625	1.0234279742819725	1.0514553888189517	2.2477436661720276	True	LAD16-exhaustive
M4	16	1	78497	-0.2603498976578287	157312	641	2.400390625	1.308205557727623	1.6773703042744335	2.8751138746738434	True	LAD16-exhaustive
M4	16	1	78593	-0.26211320202050814	121152	577	1.8486328125	1.0080594931783726	1.0177248589732586	2.2169433385133743	True	LAD16-exhaustive
M4	16	1	78721	-0.26446092702890667	100352	417	1.53125	0.8356084408967391	0.6381404020752269	1.839317798614502	True	LAD16-exhaustive
M4	16	1	78977	-0.26914494654593213	101632	577	1.55078125	0.8475147446665329	0.6637529683566034	1.868836224079132	True	LAD16-exhaustive
M4	16	1	79201	-0.2732310255858117	136448	545	2.08203125	1.1393085136472612	1.3076670028419928	2.516158401966095	True	LAD16-exhaustive
M4	16	1	79393	-0.2767241915716312	130688	577	1.994140625	1.092410070108088	1.204361129787518	2.415783792734146	True	LAD16-exhaustive
M4	16	1	79777	-0.283685251702277	93696	609	1.4296875	0.7849054426853942	0.5230667534523536	1.7403591871261597	True	LAD16-exhaustive
M4	16	1	79841	-0.2848421699391288	116096	609	1.771484375	0.9729053212660618	0.9398959942683299	2.158158630132675	True	LAD16-exhaustive
M4	16	1	79873	-0.28542028133733055	104960	577	1.6015625	0.8797425283512599	0.7331746633478294	1.951928734779358	True	LAD16-exhaustive
M4	16	1	80449	-0.2957868675707971	125952	545	1.921875	1.0591086822870999	1.1316689078355078	2.359205961227417	True	LAD16-exhaustive
M4	16	1	80513	-0.29693412577437783	92288	481	1.408203125	0.7763109265660947	0.5014977981708247	1.7300210297107697	True	LAD16-exhaustive
M4	16	1	80737	-0.30094236015617426	142848	641	2.1796875	1.2031108461462208	1.4533368381399252	2.685263514518738	True	LAD16-exhaustive
M4	16	1	80833	-0.30265677174525507	98304	481	1.5	0.8283880356362047	0.616716258487831	1.8501205444335938	True	LAD16-exhaustive
M4	16	1	80897	-0.3037985820146716	114176	545	1.7421875	0.9624791178669962	0.9161629997329671	2.15053927898407	True	LAD16-exhaustive
M4	16	1	80929	-0.30436914844911556	110976	545	1.693359375	0.9356693853737096	0.8562276777199207	2.0910931527614594	True	LAD16-exhaustive
M4	16	1	81281	-0.310630531243266	132608	641	2.0234375	1.1202254756804435	1.2693373531319143	2.509567618370056	True	LAD16-exhaustive
M4	16	1	81409	-0.3129006769601119	120064	513	1.83203125	1.0149705468154535	1.033567285133898	2.2757542729377747	True	LAD16-exhaustive
M4	16	1	81569	-0.3157333449361559	92160	545	1.40625	0.7797640189933652	0.5056444075684748	1.7502808570861816	True	LAD16-exhaustive
M4	16	1	81761	-0.3191252212043665	106304	545	1.6220703125	0.9003780877981242	0.7760904985170138	2.023652508854866	True	LAD16-exhaustive
M4	16	1	81953	-0.3225091416368926	109824	417	1.67578125	0.9311625405541468	0.8450797403105211	2.095570385456085	True	LAD16-exhaustive
M4	16	1	82241	-0.3275701864726521	126720	577	1.93359375	1.0760927592690965	1.1715828731784543	2.4264630675315857	True	LAD16-exhaustive
M4	16	1	82529	-0.3326135389628817	116992	513	1.78515625	0.9950235044051896	0.9887565446898604	2.2480340600013733	True	LAD16-exhaustive
M4	16	1	82561	-0.3331728247086758	94464	417	1.44140625	0.8035594574211997	0.5560836408979934	1.8158560395240784	True	LAD16-exhaustive
M4	16	1	82657	-0.3348493822207139	103424	417	1.578125	0.880230229195908	0.7291688124666209	1.990403413772583	True	LAD16-exhaustive
M4	16	1	82721	-0.3359660058009517	112320	481	1.7138671875	0.9562702866473364	0.9010728254701686	2.1632813662290573	True	LAD16-exhaustive
M4	16	1	82913	-0.33931070039165334	102912	481	1.5703125	0.8770702219800873	0.7215429970626382	1.986683964729309	True	LAD16-exhaustive
M4	16	1	83009	-0.34098014433977397	99840	449	1.5234375	0.851323671353269	0.6630048590447852	1.9296115636825562	True	LAD16-exhaustive
M4	16	1	83137	-0.34320306877693696	117504	577	1.79296875	1.0026235132960477	1.0059516742008088	2.2745062708854675	True	LAD16-exhaustive
M4	16	1	83233	-0.3448680172567933	109568	481	1.671875	0.9353837644856421	0.8533176451514458	2.1233394145965576	True	LAD16-exhaustive
M4	16	1	83617	-0.3515086630323978	115456	609	1.76171875	0.9876477467197892	0.9718873383497367	2.247766673564911	True	LAD16-exhaustive
M4	16	1	83777	-0.35426660270572796	101824	513	1.5537109375	0.8717667783630083	0.7078391883869306	1.9861639589071274	True	LAD16-exhaustive
M4	16	1	83873	-0.3559188393781163	128000	545	1.953125	1.0964235725329299	1.2198283836881056	2.499610185623169	True	LAD16-exhaustive
M4	16	1	83969	-0.3575691860020669	93248	449	1.4228515625	0.7991453262224589	0.5417932837653544	1.8230502754449844	True	LAD16-exhaustive
M4	16	1	84449	-0.3657927190523367	101120	513	1.54296875	0.8687737889958262	0.6996744940680553	1.9882532954216003	True	LAD16-exhaustive
M4	16	1	84481	-0.36633929150081457	96512	481	1.47265625	0.8293213567636118	0.6092999566071565	1.8983684182167053	True	LAD16-exhaustive
M4	16	1	84673	-0.3696143848099709	189952	513	2.8984375	1.633863698587958	2.4528328135729	3.7448028326034546	True	LAD16-exhaustive
M4	16	1	84737	-0.37070443246960494	99072	449	1.51171875	0.852444312438445	0.6616542567902648	1.9546281695365906	True	LAD16-exhaustive
M4	16	1	84961	-0.37451312646541624	188416	609	2.875	1.6230522738145865	2.430790798809796	3.7271556854248047	True	LAD16-exhaustive
M4	16	1	85121	-0.3772274792438921	124672	417	1.90234375	1.0748287644949421	1.17202109321355	2.4708465933799744	True	LAD16-exhaustive
M4	16	1	85313	-0.38047797580007625	114176	641	1.7421875	0.9853046920575679	0.9661744439993897	2.2679327726364136	True	LAD16-exhaustive
M4	16	1	85601	-0.385340029991454	101760	449	1.552734375	0.8794437806636076	0.7219747498950942	2.0281313359737396	True	LAD16-exhaustive
M4	16	1	85793	-0.38857232008001574	96640	449	1.474609375	0.8360063049096995	0.6213193272201877	1.9304071366786957	True	LAD16-exhaustive
M4	16	1	85889	-0.39018575350181095	136960	481	2.08984375	1.185377416022229	1.4283297450789654	2.738870084285736	True	LAD16-exhaustive
M4	16	1	86017	-0.3923341950845476	109952	481	1.677734375	0.952238688597808	0.8895502820534829	2.202051967382431	True	LAD16-exhaustive
M4	16	1	86113	-0.3939434292480932	105472	513	1.609375	0.913880231687856	0.8007188429846647	2.1146867275238037	True	LAD16-exhaustive
M4	16	1	86209	-0.39555087041350845	70528	193	1.076171875	0.6113961749517279	0.10020143697070268	1.4156448543071747	True	LAD16-exhaustive
M4	16	1	86369	-0.39822596541610267	94400	609	1.4404296875	0.8189940467643215	0.580445131299115	1.8983226269483566	True	LAD16-exhaustive
M4	16	1	86561	-0.40142954561236976	111680	353	1.7041015625	0.9698396759386342	0.9300028282835507	2.250804677605629	True	LAD16-exhaustive
M4	16	1	86689	-0.4035613204906774	105344	513	1.607421875	0.9153996408048337	0.8034911867227436	2.1262480914592743	True	LAD16-exhaustive
M4	16	1	86753	-0.4046260278488454	110336	353	1.68359375	0.9590828469331135	0.9049181138895247	2.2286500334739685	True	LAD16-exhaustive
M4	16	1	87041	-0.4094075111233799	124032	513	1.892578125	1.0796710660793638	1.1854870310234988	2.5136092007160187	True	LAD16-exhaustive
M4	16	1	87553	-0.4178689929423882	97152	353	1.482421875	0.847816173846905	0.6445026691367208	1.9804455935955048	True	LAD16-exhaustive
M4	16	1	87649	-0.41945001071371735	92672	481	1.4140625	0.809099932515798	0.5537829261081865	1.891192078590393	True	LAD16-exhaustive
M4	16	1	88001	-0.4252322974680638	83968	193	1.28125	0.7343638055570029	0.3776650835431449	1.7204480171203613	True	LAD16-exhaustive
M4	16	1	88129	-0.4273292144923495	171776	513	2.62109375	1.5032432521198849	2.179985825799191	3.5246943831443787	True	LAD16-exhaustive
M4	16	1	88289	-0.42994608204363516	79360	257	1.2109375	0.695031080569352	0.284175798237583	1.6313546895980835	True	LAD16-exhaustive
M4	16	1	88321	-0.43046888643538495	68608	193	1.046875	0.6009583433535254	0.06317306591897459	1.4108436107635498	True	LAD16-exhaustive
M4	16	1	88513	-0.4336017404872088	124288	545	1.896484375	1.0896832252569004	1.210811344844358	2.561394065618515	True	LAD16-exhaustive
M4	16	1	88609	-0.435165620044657	174976	513	2.669921875	1.5347928393052925	2.2578791092069124	3.609910696744919	True	LAD16-exhaustive
M4	16	1	88801	-0.43828830259912976	104448	449	1.59375	0.9170031214363467	0.80454098954757	2.159524440765381	True	LAD16-exhaustive
M4	16	1	88897	-0.439847112911	105920	513	1.6162109375	0.9303531891767088	0.8358785948109788	2.1923264116048813	True	LAD16-exhaustive
M4	16	1	88993	-0.44140424076945806	185152	545	2.8251953125	1.6270359187028403	2.478516921420806	3.8364045172929764	True	LAD16-exhaustive
M4	16	1	89057	-0.4424413931041222	104448	321	1.59375	0.9181237952157938	0.8068603608758679	2.165750026702881	True	LAD16-exhaustive
M4	16	1	89153	-0.4439957249297457	120832	449	1.84375	1.0626282824136326	1.1478270199130236	2.508176326751709	True	LAD16-exhaustive
M4	16	1	89633	-0.45174236374338506	129280	481	1.97265625	1.1395074864421144	1.3303135371366446	2.697984278202057	True	LAD16-exhaustive
M4	16	1	90017	-0.45790986432131575	107008	481	1.6328125	0.9448987014792481	0.8692131351567864	2.2427502870559692	True	LAD16-exhaustive
M4	16	1	90401	-0.464051111117584	115328	577	1.759765625	1.020191439216249	1.048044133144503	2.4274379312992096	True	LAD16-exhaustive
M4	16	1	90529	-0.46609239775928657	94080	449	1.435546875	0.832726465084036	0.6016574814507515	1.9830112159252167	True	LAD16-exhaustive
M4	16	1	90977	-0.473214241564353	97472	417	1.4873046875	0.8645376619983611	0.6764861303835736	2.064674660563469	True	LAD16-exhaustive
M4	16	1	91009	-0.4737216019303645	121216	417	1.849609375	1.0752957609961098	1.1798596110379949	2.5685287415981293	True	LAD16-exhaustive
M4	16	1	91297	-0.4782798338856509	109184	449	1.666015625	0.969841795779082	0.9278283133535515	2.3208958208560944	True	LAD16-exhaustive
M4	16	1	91393	-0.47979604973406254	133376	609	2.03515625	1.1852507847946192	1.4435955620088503	2.8381200432777405	True	LAD16-exhaustive
M4	16	1	91457	-0.48080597575416206	90816	417	1.3857421875	0.8072756780102649	0.5383203363422218	1.933835193514824	True	LAD16-exhaustive
M4	16	1	91841	-0.4868507302649938	122624	385	1.87109375	1.0919271114639462	1.2207541175516898	2.6221179366111755	True	LAD16-exhaustive
M4	16	1	91873	-0.4873533184376484	166400	705	2.5390625	1.4819531984556058	2.157599588960098	3.559437394142151	True	LAD16-exhaustive
M4	16	1	91969	-0.4888600332962092	82048	545	1.251953125	0.7310346210453386	0.35358017781528955	1.756910353899002	True	LAD16-exhaustive
M4	16	1	92033	-0.4898636363694422	99584	289	1.51953125	0.8875343948723725	0.7295951709964141	2.1338961720466614	True	LAD16-exhaustive
M4	16	1	92353	-0.49487120610448443	124992	481	1.9072265625	1.1155888650598051	1.278478595049401	2.687654033303261	True	LAD16-exhaustive
M4	16	1	92641	-0.49936320592554395	109952	417	1.677734375	0.9826205633874608	0.9580527997920958	2.3716276586055756	True	LAD16-exhaustive
M4	16	1	92737	-0.5008574364847931	88256	385	1.3466796875	0.7890658750738444	0.49057807552738997	1.9056249111890793	True	LAD16-exhaustive
M4	16	1	92801	-0.5018527311013017	97664	481	1.490234375	0.8734289121512164	0.6941976079098955	2.110217899084091	True	LAD16-exhaustive
M4	16	1	92993	-0.5048345017338818	119040	545	1.81640625	1.0655093510688964	1.1584659556916153	2.5774088501930237	True	LAD16-exhaustive
M4	16	1	93089	-0.5063230792020157	81664	449	1.24609375	0.731274089001349	0.3495631508926528	1.7699832320213318	True	LAD16-exhaustive
M4	16	1	93281	-0.5092956342896997	93056	481	1.419921875	0.8339948898213971	0.5977070637350271	2.021053045988083	True	LAD16-exhaustive
M4	16	1	93377	-0.5107796182189936	99072	417	1.51171875	0.8882888750928186	0.7291182073510338	2.1539270281791687	True	LAD16-exhaustive
M4	16	1	93601	-0.5142363226843507	119552	481	1.82421875	1.0729734266209405	1.1771984316586557	2.605418384075165	True	LAD16-exhaustive
M4	16	1	93761	-0.5167003363333649	113856	481	1.7373046875	1.0225707161804911	1.054862665822652	2.485525891184807	True	LAD16-exhaustive
M4	16	1	93889	-0.5186685217197216	119680	449	1.826171875	1.075480800706763	1.1836186949244678	2.616233080625534	True	LAD16-exhaustive
M4	16	1	94049	-0.5211249835561773	75264	353	1.1484375	0.6768184682518298	0.213022025444419	1.6480926275253296	True	LAD16-exhaustive
M4	16	1	94273	-0.5245570184916915	91136	513	1.390625	0.8203493606390169	0.5619194419012741	2.0004026889801025	True	LAD16-exhaustive
M4	16	1	94433	-0.5270034829587154	115712	513	1.765625	1.042291368429936	1.1032313363088426	2.5441477298736572	True	LAD16-exhaustive
M4	16	1	94529	-0.5284693727761507	109824	513	1.67578125	0.9896661696649465	0.9747604452773327	2.4171436429023743	True	LAD16-exhaustive
M4	16	1	94561	-0.5289576719114741	98304	481	1.5	0.8859777883270038	0.7214541847867552	2.1643295288085938	True	LAD16-exhaustive
M4	16	1	94849	-0.5333449428262007	122112	513	1.86328125	1.1019201621187276	1.2494295152399482	2.696691334247589	True	LAD16-exhaustive
M4	16	1	95009	-0.5357765628915949	121472	545	1.853515625	1.0968997036053978	1.2373795073720149	2.687082916498184	True	LAD16-exhaustive
M4	16	1	95233	-0.539173960295976	114176	417	1.7421875	1.0320072538533789	1.078518992713817	2.53164279460907	True	LAD16-exhaustive
M4	16	1	95393	-0.5415957837696723	102400	481	1.5625	0.9262003038625969	0.8187771801327535	2.274346351623535	True	LAD16-exhaustive
M4	16	1	95617	-0.5449795211373889	105856	417	1.615234375	0.9583738658805041	0.8976404247253376	2.3566263616085052	True	LAD16-exhaustive
M4	16	1	95713	-0.5464272683338329	121984	481	1.861328125	1.1048403628455856	1.2579583249885558	2.718403607606888	True	LAD16-exhaustive
M4	16	1	95873	-0.5488369565177962	162304	449	2.4765625	1.4710266936118408	2.1601049296177615	3.62297785282135	True	LAD16-exhaustive
M4	16	1	96001	-0.5507618133783154	118656	449	1.810546875	1.0760097473434713	1.1873550094892042	2.6521959006786346	True	LAD16-exhaustive
M4	16	1	96097	-0.5522037725393183	68480	161	1.044921875	0.6212498603115411	0.06587102192530708	1.5321938693523407	True	LAD16-exhaustive
M4	16	1	96289	-0.5550833743795032	102528	449	1.564453125	0.9308855729256785	0.8293374067769131	2.298578292131424	True	LAD16-exhaustive
M4	16	1	96353	-0.5560419658186895	103040	385	1.572265625	0.9357859122703659	0.841374986886778	2.311592251062393	True	LAD16-exhaustive
M4	16	1	96737	-0.5617801772853319	100416	417	1.5322265625	0.9134231474102895	0.7856260162747005	2.2617035061120987	True	LAD16-exhaustive
M4	16	1	96769	-0.5622573329469596	102144	385	1.55859375	0.9292658134965867	0.824819693198291	2.3013848662376404	True	LAD16-exhaustive
M4	16	1	97441	-0.5722413187013089	92224	449	1.4072265625	0.8413604670415429	0.6054865869621194	2.0923090130090714	True	LAD16-exhaustive
M4	16	1	97729	-0.5764991090723477	134144	513	2.046875	1.2252489641010877	1.5611512455176624	3.052353620529175	True	LAD16-exhaustive
M4	16	1	98017	-0.5807443704987456	86080	449	1.3134765625	0.7871688039679277	0.4688491985437171	1.964462772011757	True	LAD16-exhaustive
M4	16	1	98081	-0.581686067873477	108544	385	1.65625	0.9928531210272834	0.9821569581139848	2.4787392616271973	True	LAD16-exhaustive
M4	16	1	98369	-0.5859161159207211	119040	417	1.81640625	1.090138534790182	1.2254378027962158	2.726410925388336	True	LAD16-exhaustive
M4	16	1	98561	-0.5887292732417819	102656	385	1.56640625	0.9408307722689767	0.8518435401884489	2.3557520508766174	True	LAD16-exhaustive
M4	16	1	98689	-0.5906016685893576	106752	353	1.62890625	0.9788771976462027	0.9470684200236514	2.452928602695465	True	LAD16-exhaustive
M4	16	1	98849	-0.5929387506396111	124032	417	1.892578125	1.1380636502221932	1.3463104459925994	2.854605942964554	True	LAD16-exhaustive
M4	16	1	99041	-0.5957382608196973	107520	417	1.640625	0.9873197831093233	0.9681565671015487	2.4793875217437744	True	LAD16-exhaustive
M4	16	1	99137	-0.5971359814017845	175744	641	2.681640625	1.6144202210492677	2.5438743669890136	4.056546121835709	True	LAD16-exhaustive
M4	16	1	99233	-0.5985323491462786	68352	97	1.04296875	0.6281372473341305	0.06506321765087358	1.5792376399040222	True	LAD16-exhaustive
M4	16	1	99713	-0.6054939866091509	91648	513	1.3984375	0.8438371322950958	0.6062317607003891	2.127722144126892	True	LAD16-exhaustive
M4	16	1	99809	-0.606882292005178	126976	449	1.9375	1.1695612631846333	1.4278009842069124	2.9507436752319336	True	LAD16-exhaustive
M4	16	1	100129	-0.6115003516764901	117504	481	1.79296875	1.083688477694309	1.2115536426146334	2.7393824458122253	True	LAD16-exhaustive
M4	16	1	100193	-0.6124221923705591	117824	321	1.7978515625	1.0869143512355335	1.219793112101358	2.748598352074623	True	LAD16-exhaustive
M4	16	1	100417	-0.6156440040794884	85888	321	1.310546875	0.7930075295680378	0.4758401700904097	2.0080747306346893	True	LAD16-exhaustive
M4	16	1	100609	-0.6183998419519803	89152	449	1.3603515625	0.8237649891152404	0.5532098932106889	2.0883729606866837	True	LAD16-exhaustive
M4	16	1	100673	-0.6193172859929632	106624	545	1.626953125	0.9854534796948703	0.9631075296120394	2.499240905046463	True	LAD16-exhaustive
M4	16	1	100769	-0.62069235906025	78208	257	1.193359375	0.723095240399359	0.2973164089322499	1.8349247872829437	True	LAD16-exhaustive
M4	16	1	100801	-0.6211504256544487	114304	417	1.744140625	1.0569637308858275	1.1445810504406042	2.682664781808853	True	LAD16-exhaustive
M4	16	1	101089	-0.6252664933508711	105536	449	1.6103515625	0.9769830822784383	0.9414790432831693	2.4839604049921036	True	LAD16-exhaustive
M4	16	1	101281	-0.6280040288646624	102016	449	1.556640625	0.9451019035381798	0.8602596954394598	2.4056719839572906	True	LAD16-exhaustive
M4	16	1	101377	-0.6293708511394804	128000	417	1.953125	1.1862655358811829	1.4744022755016404	3.0212700366973877	True	LAD16-exhaustive
M4	16	1	101537	-0.6316460145523735	97792	385	1.4921875	0.9068679502699435	0.7625733148317693	2.311893343925476	True	LAD16-exhaustive
M4	16	1	101921	-0.6370918122453446	93696	449	1.4296875	0.8701699532265192	0.6682563467994201	2.223437190055847	True	LAD16-exhaustive
M4	16	1	102241	-0.641614326632336	99456	321	1.517578125	0.9247967830805658	0.8074724205100328	2.367533951997757	True	LAD16-exhaustive
M4	16	1	102337	-0.6429683210412307	104320	449	1.591796875	0.9703805089405917	0.9241278217269399	2.485652416944504	True	LAD16-exhaustive
M4	16	1	102433	-0.644321045894209	109312	385	1.66796875	1.0171880534908435	1.0440534518768596	2.60704106092453	True	LAD16-exhaustive
M4	16	1	102497	-0.6452221583288811	108928	385	1.662109375	1.0138617918573545	1.0355416893167773	2.599505990743637	True	LAD16-exhaustive
M4	16	1	102593	-0.6465727725376738	121088	321	1.84765625	1.1274540686634589	1.3269794408522164	2.8924041390419006	True	LAD16-exhaustive
M4	16	1	102881	-0.6506170452327034	100224	481	1.529296875	0.9342081025370215	0.830923808604181	2.400750607252121	True	LAD16-exhaustive
M4	16	1	102913	-0.6510657098359509	89600	481	1.3671875	0.8352807227601396	0.5766135223544671	2.1469324827194214	True	LAD16-exhaustive
M4	16	1	103393	-0.6577789888407288	92800	289	1.416015625	0.8666775402279373	0.6563378883897917	2.2339798510074615	True	LAD16-exhaustive
M4	16	1	103457	-0.6586717370695254	110656	449	1.6884765625	1.033686326728854	1.0868653349593729	2.66547729074955	True	LAD16-exhaustive
M4	16	1	103553	-0.6600098244455346	101888	481	1.5546875	0.9521228868252034	0.8764714227130541	2.456551432609558	True	LAD16-exhaustive
M4	16	1	103681	-0.6617920125876076	109568	449	1.671875	1.0243810979753687	1.0629537174792096	2.644984006881714	True	LAD16-exhaustive
M4	16	1	103841	-0.664016656261829	102016	385	1.556640625	0.9543448844028966	0.8820038016422522	2.466478258371353	True	LAD16-exhaustive
M4	16	1	103969	-0.6657939046000934	165888	449	2.53125	1.55259776317963	2.4292749103532465	4.015678882598877	True	LAD16-exhaustive
M4	16	1	104033	-0.6666817084243917	103936	481	1.5859375	0.973001013973745	0.9301416943236439	2.5175451040267944	True	LAD16-exhaustive
M4	16	1	104161	-0.668455678745353	101120	449	1.54296875	0.9470887231799807	0.862991805428397	2.452349364757538	True	LAD16-exhaustive
M4	16	1	104417	-0.6719970888262026	86080	481	1.3134765625	0.8069883392167347	0.4994626112239643	2.0927319675683975	True	LAD16-exhaustive
M4	16	1	104513	-0.6733228796046653	89472	417	1.365234375	0.8390850832375271	0.5824634200713359	2.177196353673935	True	LAD16-exhaustive
M4	16	1	104801	-0.6772929574205513	123008	513	1.876953125	1.154814980116505	1.4023890204184786	3.001503974199295	True	LAD16-exhaustive
M4	16	1	105601	-0.6882639709533471	111616	417	1.703125	1.0509285195692315	1.1329931048294803	2.744319200515747	True	LAD16-exhaustive
M4	16	1	105761	-0.6904481975469103	84736	289	1.29296875	0.7983004154723403	0.4727957269970245	2.086573302745819	True	LAD16-exhaustive
M4	16	1	105953	-0.6930649118292784	94208	449	1.4375	0.888152159334764	0.7073233768215458	2.3240270614624023	True	LAD16-exhaustive
M4	16	1	106273	-0.6974155829341768	113536	513	1.732421875	1.071601263747177	1.1877114507038224	2.8092906177043915	True	LAD16-exhaustive
M4	16	1	106433	-0.6995860083107885	85504	385	1.3046875	0.8074863037745394	0.49483184081025405	2.1188629865646362	True	LAD16-exhaustive
M4	16	1	106657	-0.702619128665507	94528	385	1.4423828125	0.8934225958976753	0.71996984256981	2.3474155217409134	True	LAD16-exhaustive
M4	16	1	106721	-0.7034845645153673	98368	385	1.5009765625	0.9299282447436519	0.8158193290083543	2.4442401081323624	True	LAD16-exhaustive
M4	16	1	106753	-0.7039170878358121	93312	353	1.423828125	0.8822316344035859	0.6903932834077211	2.319304257631302	True	LAD16-exhaustive
M4	16	1	107137	-0.7090972785030374	90880	353	1.38671875	0.8604109914679277	0.632210066662852	2.266981303691864	True	LAD16-exhaustive
M4	16	1	107201	-0.7099588381458553	88192	321	1.345703125	0.83515144905014	0.5654950896944381	2.201243907213211	True	LAD16-exhaustive
M4	16	1	107713	-0.7168328552725356	96832	385	1.4775390625	0.918626275853473	0.7848808276350423	2.4284387975931168	True	LAD16-exhaustive
M4	16	1	107777	-0.717689809055372	88576	481	1.3515625	0.8404920118774234	0.578169704165713	2.2227073907852173	True	LAD16-exhaustive
M4	16	1	107873	-0.7189742860604653	116480	321	1.77734375	1.105643351770103	1.279536161497673	2.9255279898643494	True	LAD16-exhaustive
M4	16	1	108161	-0.7228208696345213	97024	353	1.48046875	0.9218921591098816	0.7929805518997483	2.4433743357658386	True	LAD16-exhaustive
M4	16	1	108193	-0.7232476354132444	115200	417	1.7578125	1.0947170738884924	1.2510873245212482	2.901962399482727	True	LAD16-exhaustive
M4	16	1	108289	-0.7245271758184906	120320	449	1.8359375	1.143753658513784	1.3812899357213702	3.0336278676986694	True	LAD16-exhaustive
M4	16	1	108769	-0.7309079104465788	100416	353	1.5322265625	0.9561384189494361	0.8833409777456702	2.543010726571083	True	LAD16-exhaustive
M4	16	1	108929	-0.733028566108139	97408	417	1.486328125	0.9280094250282294	0.8083502911135271	2.470462590456009	True	LAD16-exhaustive
M4	16	1	108961	-0.7334523234319299	113664	449	1.734375	1.0830003803812123	1.2209999904631113	2.883594274520874	True	LAD16-exhaustive
M4	16	1	109121	-0.735569245029847	120640	385	1.8408203125	1.1501016473542993	1.400032857561799	3.0650658160448074	True	LAD16-exhaustive
M4	16	1	109313	-0.7381054575168058	114432	481	1.74609375	1.0916381433802502	1.2444914334897383	2.912456452846527	True	LAD16-exhaustive
M4	16	1	109441	-0.7397937922335096	95616	353	1.458984375	0.9125406283397437	0.7664867473010605	2.4364121854305267	True	LAD16-exhaustive
M4	16	1	109537	-0.7410587479167141	88192	321	1.345703125	0.8419637817762121	0.577817703564889	2.249210864305496	True	LAD16-exhaustive
M4	16	1	109793	-0.7444265507543051	137472	417	2.09765625	1.3135835271961696	1.8389406066414893	3.5142207741737366	True	LAD16-exhaustive
M4	16	1	110017	-0.7473669429205074	118976	577	1.8154296875	1.137714910281213	1.3689040654564355	3.0476093739271164	True	LAD16-exhaustive
M4	16	1	110273	-0.7507200692242542	124160	321	1.89453125	1.1883170534404008	1.5051902728503852	3.1877997517585754	True	LAD16-exhaustive
M4	16	1	110753	-0.756986252463193	103424	353	1.578125	0.9914576041761209	0.9770211051346609	2.6669628620147705	True	LAD16-exhaustive
M4	16	1	110849	-0.7582362297430834	108032	385	1.6484375	1.0359649879665955	1.0967978704127566	2.78820264339447	True	LAD16-exhaustive
M4	16	1	110881	-0.7586526482848157	71680	193	1.09375	0.6874438472134047	0.1586189631494621	1.8505263328552246	True	LAD16-exhaustive
M4	16	1	110977	-0.7599011832267095	84480	353	1.2890625	0.8104621162442214	0.48949857423514154	2.1828657388687134	True	LAD16-exhaustive
M4	16	1	111521	-0.7669558773462875	91008	417	1.388671875	0.8746728502387663	0.661403466420615	2.363068789243698	True	LAD16-exhaustive
M4	16	1	112097	-0.7743881429188022	103680	417	1.58203125	0.9983615397633873	0.9955589689669642	2.70600825548172	True	LAD16-exhaustive
M4	16	1	112129	-0.774799926044949	96320	513	1.4697265625	0.9275878609429176	0.8036922213559549	2.5146327167749405	True	LAD16-exhaustive
M4	16	1	112289	-0.776857080512535	90112	321	1.375	0.8682594869084038	0.6425326161593042	2.355916976928711	True	LAD16-exhaustive
M4	16	1	112481	-0.7793218001390194	90624	289	1.3828125	0.8737424322111496	0.6570402504386968	2.3733540773391724	True	LAD16-exhaustive
M4	16	1	112577	-0.7805525827135149	110080	417	1.6796875	1.0616588421190039	1.1675773203250173	2.8853482007980347	True	LAD16-exhaustive
M4	16	1	113089	-0.7870990817730927	92352	289	1.4091796875	0.8921685869742448	0.7060917323519875	2.4316821545362473	True	LAD16-exhaustive
M4	16	1	113153	-0.7879153093973166	118656	385	1.810546875	1.1465168928348575	1.3994935614080262	3.126049965620041	True	LAD16-exhaustive
M4	16	1	113537	-0.7928030011842324	105472	353	1.609375	1.0203918500658953	1.055719987411307	2.7881410121917725	True	LAD16-exhaustive
M4	16	1	113761	-0.7956465263694703	103424	289	1.578125	1.0012999627710601	1.0035565442130159	2.739396333694458	True	LAD16-exhaustive
M4	16	1	113921	-0.797674189904928	84992	129	1.296875	0.8232730968872592	0.5160646505683986	2.2543532848358154	True	LAD16-exhaustive
M4	16	1	114113	-0.8001036303682589	90624	289	1.3828125	0.8783670445120457	0.666573324368658	2.4077893495559692	True	LAD16-exhaustive
M4	16	1	114593	-0.8061593931064266	84736	321	1.29296875	0.8225548941239008	0.5122784461547265	2.260821044445038	True	LAD16-exhaustive
M4	16	1	114689	-0.8073675013052259	95808	353	1.4619140625	0.9303170605139299	0.8083689923561838	2.558371916413307	True	LAD16-exhaustive
M4	16	1	114913	-0.8101824923914371	96512	353	1.47265625	0.9378178071037085	0.8287838201915008	2.5822044014930725	True	LAD16-exhaustive
M4	16	1	115201	-0.8137937145571357	92160	321	1.40625	0.8963427665213349	0.7141284237430381	2.471945285797119	True	LAD16-exhaustive
M4	16	1	115361	-0.8157960500989532	89088	321	1.359375	0.8669006466422696	0.6326063839932861	2.3928658962249756	True	LAD16-exhaustive
M4	16	1	115553	-0.8181951901397078	171264	449	2.61328125	1.6675455484695287	2.844579053654536	4.607734501361847	True	LAD16-exhaustive
M4	16	1	115777	-0.8209891536564342	101120	385	1.54296875	0.9852645879409526	0.9592323639085985	2.725834548473358	True	LAD16-exhaustive
M4	16	1	115873	-0.822184912187442	91136	385	1.390625	0.8882512933553096	0.6906674391546502	2.4587385654449463	True	LAD16-exhaustive
M4	16	1	116257	-0.8269580600015374	77568	257	1.18359375	0.756914817999417	0.3256894574464027	2.099625527858734	True	LAD16-exhaustive
M4	16	1	116833	-0.8340883018400014	107520	513	1.640625	1.051056877440121	1.1420788986800947	2.9247915744781494	True	LAD16-exhaustive
M4	16	1	116929	-0.8352732568943857	102656	353	1.56640625	1.0038052240784483	1.0105945892462043	2.794774115085602	True	LAD16-exhaustive
M4	16	1	116993	-0.8360626865753957	114048	353	1.740234375	1.1154192246360832	1.321465480039292	3.106616824865341	True	LAD16-exhaustive
M4	16	1	117281	-0.839609784256595	113664	289	1.734375	1.1126445955222737	1.3142326142519265	3.103778600692749	True	LAD16-exhaustive
M4	16	1	117889	-0.8470695838841742	94464	257	1.44140625	0.9264106191460768	0.7940328283550775	2.5928640961647034	True	LAD16-exhaustive
M4	16	1	118081	-0.8494173188418301	99840	321	1.5234375	0.9797023322450114	0.9431299830243381	2.744888663291931	True	LAD16-exhaustive
M4	16	1	118273	-0.8517612394759695	109056	385	1.6640625	1.0707567900336221	1.1984537127107653	3.0031381845474243	True	LAD16-exhaustive
M4	16	1	118369	-0.8529317732909547	96896	417	1.478515625	0.9516400731665706	0.8642926072423133	2.6704470217227936	True	LAD16-exhaustive
M4	16	1	118529	-0.8548805549745566	112192	225	1.7119140625	1.1023962421443765	1.2875938340438315	3.096183195710182	True	LAD16-exhaustive
M4	16	1	118913	-0.8595469187912812	117632	353	1.794921875	1.1571800449008665	1.4423826187819486	3.2568289935588837	True	LAD16-exhaustive
M4	16	1	119233	-0.8634240587889188	82624	385	1.2607421875	0.8135720105331415	0.4743888493505379	2.2937328070402145	True	LAD16-exhaustive
M4	16	1	119297	-0.8641982380102533	84480	321	1.2890625	0.8320057623274109	0.5261965218966964	2.346516251564026	True	LAD16-exhaustive
M4	16	1	119489	-0.8665182861499758	106752	289	1.62890625	1.051952065171275	1.1466755002098115	2.969915449619293	True	LAD16-exhaustive
M4	16	1	119617	-0.8680629147487906	80192	321	1.2236328125	0.7905250071984775	0.40818320184348056	2.2333875447511673	True	LAD16-exhaustive
M4	16	1	119809	-0.8703767612585835	86016	353	1.3125	0.848418683636913	0.5713025482566567	2.3994340896606445	True	LAD16-exhaustive
M4	16	1	120097	-0.8738405876853577	96768	289	1.4765625	0.9552810213890924	0.8733306868467231	2.7058521509170532	True	LAD16-exhaustive
M4	16	1	120193	-0.8749933508573093	85120	321	1.298828125	0.840530500668316	0.5480590345330739	2.3820503056049347	True	LAD16-exhaustive
M4	16	1	120577	-0.8795952145897132	103936	385	1.5859375	1.0274865991311684	1.0780588378347449	2.917901396751404	True	LAD16-exhaustive
M4	16	1	120641	-0.8803607667855147	129792	417	1.98046875	1.2833326017786932	1.8049092922674908	3.6457173228263855	True	LAD16-exhaustive
M4	16	1	120737	-0.8815083339310554	93440	353	1.42578125	0.9241568823078616	0.784428943026627	2.6267173886299133	True	LAD16-exhaustive
M4	16	1	120833	-0.8826549889893478	67328	97	1.02734375	0.6660855261834113	0.05041622558556497	1.894180715084076	True	LAD16-exhaustive
M4	16	1	120929	-0.8838007334091067	96640	385	1.474609375	0.9563402968367889	0.8757768689917601	2.720993608236313	True	LAD16-exhaustive
M4	16	1	121313	-0.8883746335563494	77760	289	1.1865234375	0.7703626357972122	0.3452768409771496	2.1963610500097275	True	LAD16-exhaustive
M4	16	1	121441	-0.8898960501537907	95232	257	1.453125	0.9438053714113042	0.8396727416647592	2.692702531814575	True	LAD16-exhaustive
M4	16	1	121633	-0.8921751709602823	91136	385	1.390625	0.9037115886529749	0.7250002384222172	2.5809614658355713	True	LAD16-exhaustive
M4	16	1	121697	-0.892934078491173	89152	353	1.3603515625	0.8842009063705055	0.6691646311369879	2.5261032730340958	True	LAD16-exhaustive
M4	16	1	121889	-0.895208408750026	81408	289	1.2421875	0.8078420703191693	0.4504462071793698	2.310317873954773	True	LAD16-exhaustive
M4	16	1	121921	-0.8955871154607742	109056	257	1.6640625	1.0823028554034013	1.2354186932555122	3.0957666635513306	True	LAD16-exhaustive
M4	16	1	122081	-0.8974791592934217	91904	289	1.40234375	0.9124996127395851	0.7495006842717632	2.612297475337982	True	LAD16-exhaustive
M4	16	1	122209	-0.8989910098164309	109312	289	1.66796875	1.0857379887972451	1.2456213163767453	3.1103636622428894	True	LAD16-exhaustive
M4	16	1	122273	-0.8997463413723423	82112	513	1.2529296875	0.8157238865207419	0.4719077085479133	2.337638422846794	True	LAD16-exhaustive
M4	16	1	122401	-0.9012558191434188	96000	385	1.46484375	0.9540393529911778	0.868197754539559	2.7358755469322205	True	LAD16-exhaustive
M4	16	1	122497	-0.9023868919248983	108160	385	1.650390625	1.075178163241496	1.2157000135900664	3.0848373472690582	True	LAD16-exhaustive
M4	16	1	122561	-0.9031404481011194	87552	289	1.3359375	0.8704801587354329	0.6282572051194019	2.4983800649642944	True	LAD16-exhaustive
M4	16	1	122753	-0.9053987578951883	103296	385	1.576171875	1.0275738558584455	1.079222189240482	2.9522678554058075	True	LAD16-exhaustive
M4	16	1	122849	-0.906526588539716	101184	449	1.5439453125	1.006837829620947	1.0196557212987336	2.8941671401262283	True	LAD16-exhaustive
M4	16	1	123169	-0.9102796689927075	130816	385	1.99609375	1.302870480189874	1.8720969114785992	3.751478135585785	True	LAD16-exhaustive
M4	16	1	123457	-0.9136491139063949	96768	417	1.4765625	0.9645486399556595	0.8977641956588083	2.7815548181533813	True	LAD16-exhaustive
M4	16	1	123553	-0.9147705157192689	96768	289	1.4765625	0.9648085894530589	0.8984622959105821	2.7837177515029907	True	LAD16-exhaustive
M4	16	1	124001	-0.919992229639476	85312	353	1.3017578125	0.8516549389446464	0.5709662090152209	2.463062599301338	True	LAD16-exhaustive
M4	16	1	124097	-0.921108713696885	84864	481	1.294921875	0.8474092975967927	0.5584637204833295	2.452025145292282	True	LAD16-exhaustive
M4	16	1	124193	-0.9222243343890355	111744	353	1.705078125	1.1161176398745836	1.336167964875639	3.2311823666095734	True	LAD16-exhaustive
M4	16	1	124513	-0.9259368517215023	103424	321	1.578125	1.0339339436616013	1.098406624322881	2.998307466506958	True	LAD16-exhaustive
M4	16	1	124577	-0.9266782101433471	95232	257	1.453125	0.9522068734482831	0.8613558117799649	2.7622368335723877	True	LAD16-exhaustive
M4	16	1	124673	-0.9277895339609898	114944	385	1.75390625	1.149608606926365	1.4342222309643702	3.3365593552589417	True	LAD16-exhaustive
M4	16	1	124769	-0.9289000023725933	77824	257	1.1875	0.7785605531150159	0.35697241931792173	2.2607908248901367	True	LAD16-exhaustive
M4	16	1	124897	-0.9303792985636115	112384	321	1.71484375	1.1246998395424614	1.3623535491531242	3.2681097388267517	True	LAD16-exhaustive
M4	16	1	125441	-0.9366494400332641	73984	225	1.12890625	0.7415126974397307	0.2467403510528725	2.160814344882965	True	LAD16-exhaustive
M4	16	1	125921	-0.9421593775844315	115264	321	1.7587890625	1.1567591380738265	1.4579610519426642	3.379340782761574	True	LAD16-exhaustive
M4	16	1	126241	-0.9458210130482136	122624	353	1.87109375	1.2316908585732833	1.6780002455748837	3.604259431362152	True	LAD16-exhaustive
M4	16	1	126337	-0.9469176939198221	94720	321	1.4453125	0.951657591063313	0.8584641079194324	2.7862006425857544	True	LAD16-exhaustive
M4	16	1	126433	-0.9480135417703153	95744	225	1.4609375	0.9621953186859268	0.889260867284657	2.818461775779724	True	LAD16-exhaustive
M4	16	1	126913	-0.9534803298643517	78848	289	1.203125	0.7934205765973146	0.3933654249637598	2.3298981189727783	True	LAD16-exhaustive
M4	16	1	127297	-0.9578388941778719	112640	225	1.71875	1.1346234999896283	1.3961199168383307	3.338496685028076	True	LAD16-exhaustive
M4	16	1	127649	-0.9618227101787724	90496	353	1.380859375	0.9124219312126004	0.7418374663824674	2.6895953118801117	True	LAD16-exhaustive
M4	16	1	127681	-0.962184330368725	90752	385	1.384765625	0.9150808409532596	0.749633932488365	2.6978799402713776	True	LAD16-exhaustive
M4	16	1	127873	-0.9643521500856487	103936	257	1.5859375	1.048553244630522	1.143291156443122	3.0944608449935913	True	LAD16-exhaustive
M4	16	1	128033	-0.9661561815395423	106112	289	1.619140625	1.070959206276993	1.2095892521648737	3.163199335336685	True	LAD16-exhaustive
M4	16	1	128257	-0.9686780417092464	99200	321	1.513671875	1.0017906501397116	1.0052950892175936	2.962326258420944	True	LAD16-exhaustive
M4	16	1	128321	-0.9693977642461142	91392	353	1.39453125	0.9230957232752661	0.7725130774586099	2.7305243611335754	True	LAD16-exhaustive
M4	16	1	128449	-0.9708361330628001	113408	353	1.73046875	1.1458521345510455	1.4317232084954605	3.3916775584220886	True	LAD16-exhaustive
M4	16	1	128833	-0.975142655144154	103936	353	1.5859375	1.0512074309428507	1.1518743562600138	3.1176923513412476	True	LAD16-exhaustive
M4	16	1	128993	-0.9769332521838194	91136	289	1.390625	0.9221340404723227	0.7688699263752193	2.737135171890259	True	LAD16-exhaustive
M4	16	1	129089	-0.9780065446281831	95488	289	1.45703125	0.9664106535229469	0.9002473034447241	2.8699753880500793	True	LAD16-exhaustive
M4	16	1	129121	-0.9783641314106077	112704	449	1.7197265625	1.1407447675723457	1.4180485767385749	3.3882570415735245	True	LAD16-exhaustive
M4	16	1	129281	-0.9801507370564018	83328	289	1.271484375	0.8437642261640471	0.5355576636053254	2.508221000432968	True	LAD16-exhaustive
M4	16	1	129313	-0.9805077928391661	98176	321	1.498046875	0.9941951446608381	0.9827410627431906	2.9558858573436737	True	LAD16-exhaustive
M4	16	1	129793	-0.9858530523993849	75264	193	1.1484375	0.763122278615969	0.29398258087281604	2.274462103843689	True	LAD16-exhaustive
M4	16	1	129953	-0.9876304136348821	111616	289	1.703125	1.1321728347775823	1.394265707255665	3.3771698474884033	True	LAD16-exhaustive
M4	16	1	130241	-0.9908241563150213	88576	385	1.3515625	0.8991339671997589	0.698677829594873	2.685987114906311	True	LAD16-exhaustive
M4	16	1	130337	-0.9918871680058885	82048	417	1.251953125	0.8330737137167384	0.5010881888017853	2.489865332841873	True	LAD16-exhaustive
M4	16	1	130369	-0.9922413312513854	105600	417	1.611328125	1.0722968205249765	1.2161171332589455	3.2053716480731964	True	LAD16-exhaustive
M4	16	1	130657	-0.9954248941177539	91392	321	1.39453125	0.9287089663760499	0.7865761735141528	2.780231773853302	True	LAD16-exhaustive
M4	16	1	130817	-0.9971905093250264	92288	353	1.408203125	0.9381972590201526	0.8148303685530632	2.8109269440174103	True	LAD16-exhaustive
M4	16	1	131009	-0.9993063992481197	102912	385	1.5703125	1.0467125443284964	1.1400941529335469	3.1391154527664185	True	LAD16-exhaustive
M4	16	1	131041	-0.9996587460639041	109568	225	1.671875	1.1145011185241331	1.3434526874952315	3.34295916557312	True	LAD16-exhaustive
M4	16	1	131297	-1.002474426961836	93760	321	1.4306640625	0.9543260212468628	0.8628198583056763	2.866239920258522	True	LAD16-exhaustive
M4	16	1	131489	-1.004582587192136	91392	289	1.39453125	0.9306760573902164	0.7915849474517433	2.7979357838630676	True	LAD16-exhaustive
M4	16	1	131617	-1.0059863178543225	100736	353	1.537109375	1.026161157935882	1.0787018327515832	3.0870014131069183	True	LAD16-exhaustive
M4	16	1	131713	-1.0070382202586146	101120	321	1.54296875	1.0303224517802463	1.0912648656252384	3.101029098033905	True	LAD16-exhaustive
M4	16	1	131777	-1.007739062677171	100352	257	1.53125	1.0226622367114013	1.0682311932555124	3.078972339630127	True	LAD16-exhaustive
M4	16	1	131969	-1.009839549484795	90112	321	1.375	0.9187529113334414	0.7551441977569238	2.768819808959961	True	LAD16-exhaustive
M4	16	1	132001	-1.0101893334870269	93952	449	1.43359375	0.9579813734901487	0.8733471975852598	2.887509286403656	True	LAD16-exhaustive
M4	16	1	132257	-1.0129845566855948	97024	353	1.48046875	0.9899407229248403	0.9696399705310139	2.9877068400382996	True	LAD16-exhaustive
M4	16	1	132833	-1.0192540776130805	84224	321	1.28515625	0.860578118225974	0.5779836752307927	2.6048455834388733	True	LAD16-exhaustive
M4	16	1	132929	-1.0202963540103802	80896	321	1.234375	0.826770771399347	0.47539840352483403	2.5037267208099365	True	LAD16-exhaustive
M4	16	1	132961	-1.020643612211373	100736	289	1.537109375	1.0296207460572253	1.0897169391832608	3.1185241639614105	True	LAD16-exhaustive
M4	16	1	133121	-1.0223786505406416	84992	353	1.296875	0.8690464766984133	0.6030410753795682	2.6342971324920654	True	LAD16-exhaustive
M4	16	1	133153	-1.0227254079524108	87552	289	1.3359375	0.8952935554109961	0.6825526197833219	2.714295744895935	True	LAD16-exhaustive
M4	16	1	133633	-1.0279167925591892	114048	417	1.740234375	1.1676210045508064	1.5094184822518502	3.548473209142685	True	LAD16-exhaustive
M4	16	1	133697	-1.0286075678884146	95488	321	1.45703125	0.9777581263614781	0.9323828035591668	2.9724228978157043	True	LAD16-exhaustive
M4	16	1	134081	-1.0327452885036372	65664	33	1.001953125	0.673006557355748	0.003995986161974517	2.049909621477127	True	LAD16-exhaustive
M4	16	1	134177	-1.033777867064856	94016	257	1.4345703125	0.9638196043318003	0.8897435083590829	2.9371084719896317	True	LAD16-exhaustive
M4	16	1	134369	-1.0358408096895708	99840	321	1.5234375	1.0240053897745918	1.0732245889600978	3.1235164403915405	True	LAD16-exhaustive
M4	16	1	134401	-1.0361843468516518	160384	417	2.447265625	1.6451011687021098	2.968092580539025	5.018843799829483	True	LAD16-exhaustive
M4	16	1	134593	-1.0382438537171694	88576	257	1.3515625	0.9089725154026423	0.7220241330968185	2.775739312171936	True	LAD16-exhaustive
M4	16	1	134753	-1.0399578664271658	72320	129	1.103515625	0.7424410899086565	0.21284872229533836	2.269013077020645	True	LAD16-exhaustive
M4	16	1	135329	-1.0461115057177253	96000	321	1.46484375	0.9869157232941194	0.9598968466277562	3.024838864803314	True	LAD16-exhaustive
M4	16	1	135617	-1.049178510421676	103168	321	1.57421875	1.061340798096713	1.1882783889333943	3.2576114535331726	True	LAD16-exhaustive
M4	16	1	135649	-1.0495188865950453	93312	353	1.423828125	0.9600209824246709	0.8772695708876936	2.947095662355423	True	LAD16-exhaustive
M4	16	1	135841	-1.0515594589478425	98176	353	1.498046875	1.0105284917114006	1.0323519576848248	3.105105370283127	True	LAD16-exhaustive
M4	16	1	135937	-1.0525786638112642	102784	321	1.568359375	1.058201975258969	1.1789283338578622	3.2531443536281586	True	LAD16-exhaustive
M4	16	1	136033	-1.0535971491565377	99968	353	1.525390625	1.029446454251791	1.090569358215076	3.1662515699863434	True	LAD16-exhaustive
M4	16	1	136193	-1.0552930285591096	108608	417	1.6572265625	1.1188464527807864	1.3658298195859082	3.4439492374658585	True	LAD16-exhaustive
M4	16	1	136417	-1.0576639156277388	88704	225	1.353515625	0.9142892420754685	0.7358745863374533	2.8174215853214264	True	LAD16-exhaustive
M4	16	1	136481	-1.0583405969101918	115072	257	1.755859375	1.1862498186251336	1.574127464093614	3.6566382348537445	True	LAD16-exhaustive
M4	16	1	136769	-1.0613817411051087	98816	353	1.5078125	1.0193669320057932	1.0597849670023651	3.1466981172561646	True	LAD16-exhaustive
M4	16	1	136897	-1.062731305747409	97088	321	1.4814453125	1.00184466361698	1.0056980078631648	3.0945651084184647	True	LAD16-exhaustive
M4	16	1	136993	-1.0637426513941826	86912	193	1.326171875	0.8970426986484585	0.6818228987850004	2.7721597850322723	True	LAD16-exhaustive
M4	16	1	137089	-1.0647532885727564	83712	289	1.27734375	0.8642104456715394	0.5801598740177004	2.671963155269623	True	LAD16-exhaustive
M4	16	1	137153	-1.0654266535882755	88064	225	1.34375	0.9092760486560625	0.7194070916304265	2.8121848106384277	True	LAD16-exhaustive
M4	16	1	137537	-1.0694602569708564	76800	161	1.171875	0.7936897842883313	0.3607106412603952	2.45935320854187	True	LAD16-exhaustive
M4	16	1	137633	-1.0704668981711656	107776	385	1.64453125	1.1140621039299987	1.3536090567063401	3.4537013173103333	True	LAD16-exhaustive
M4	16	1	138113	-1.0754895952843135	97280	289	1.484375	1.0066952996101115	1.0208054379339284	3.1282269954681396	True	LAD16-exhaustive
M4	16	1	138209	-1.076492039747638	96640	321	1.474609375	1.0002958963668869	1.0009199223220417	3.109806627035141	True	LAD16-exhaustive
M4	16	1	138241	-1.0768260331751272	107520	385	1.640625	1.1129948601650832	1.3513487544823377	3.4607183933258057	True	LAD16-exhaustive
M4	16	1	138337	-1.0778275497779468	110080	385	1.6796875	1.1397491057501765	1.4347437199588007	3.5455769300460815	True	LAD16-exhaustive
M4	16	1	138401	-1.0784948414709064	106496	225	1.625	1.1028049240938333	1.319914930952926	3.4317264556884766	True	LAD16-exhaustive
M4	16	1	138433	-1.078828371611813	101632	321	1.55078125	1.0525146139651809	1.1634439731631951	3.275746166706085	True	LAD16-exhaustive
M4	16	1	138497	-1.079495200660748	114432	417	1.74609375	1.1852491084425483	1.5767413762684062	3.690013825893402	True	LAD16-exhaustive
M4	16	1	138977	-1.084486618309942	88576	289	1.3515625	0.918460049104698	0.7455421005951018	2.866151452064514	True	LAD16-exhaustive
M4	16	1	139169	-1.0864783599984555	97920	257	1.494140625	1.0157986978301596	1.0493485410944534	3.1728829443454742	True	LAD16-exhaustive
M4	16	1	139201	-1.086810049774737	108800	289	1.66015625	1.1287482912445783	1.4022188167582208	3.526236116886139	True	LAD16-exhaustive
M4	16	1	139297	-1.0878046617964472	95232	257	1.453125	0.9882047391276754	0.96313348783093	3.0886223316192627	True	LAD16-exhaustive
M4	16	1	139361	-1.0884673557384126	89408	257	1.3642578125	0.9279065135864658	0.7745988099155031	2.901067093014717	True	LAD16-exhaustive
M4	16	1	139393	-1.088798588592553	90944	257	1.3876953125	0.9439169498326851	0.8246282550593195	2.951584056019783	True	LAD16-exhaustive
M4	16	1	139457	-1.0894608262417407	102656	353	1.56640625	1.0656333730401675	1.2052997086480506	3.333226263523102	True	LAD16-exhaustive
M4	16	1	139681	-1.0917762670525732	88832	321	1.35546875	0.9226046237561886	0.7576444719424735	2.8889958262443542	True	LAD16-exhaustive
M4	16	1	139969	-1.0947478123318106	124032	449	1.892578125	1.289037038588665	1.9063594656004426	4.042087823152542	True	LAD16-exhaustive
M4	16	1	140321	-1.0983714087595473	165952	385	2.5322265625	1.7260831040949134	3.2807440829566263	5.421822562813759	True	LAD16-exhaustive
M4	16	1	140417	-1.0993580848014375	80640	289	1.23046875	0.8389271794823551	0.493808353837644	2.636394202709198	True	LAD16-exhaustive
M4	16	1	140449	-1.099686826916951	77120	353	1.1767578125	0.8023655138642443	0.3788122073367285	2.521888092160225	True	LAD16-exhaustive
M4	16	1	140897	-1.1042813683327672	93440	289	1.42578125	0.9731451556989711	0.9154085722323949	3.0653122067451477	True	LAD16-exhaustive
M4	16	1	140929	-1.1046089906352314	96512	385	1.47265625	1.005211429867919	1.0164182903219654	3.1668086647987366	True	LAD16-exhaustive
M4	16	1	141121	-1.1065731635878073	88448	321	1.349609375	0.9216196220258546	0.7528377906366827	2.9061618745326996	True	LAD16-exhaustive
M4	16	1	141601	-1.1114719283460452	91392	353	1.39453125	0.9533206180058029	0.8524608153086137	3.0131075978279114	True	LAD16-exhaustive
M4	16	1	141697	-1.112449688367132	97664	321	1.490234375	1.018962999123567	1.059963992284657	3.2220724523067474	True	LAD16-exhaustive
M4	16	1	141761	-1.1131011604313237	91264	225	1.392578125	0.9523255035221374	0.8491991695754177	3.0122874081134796	True	LAD16-exhaustive
M4	16	1	141793	-1.113426786178124	92160	257	1.40625	0.9617437405946133	0.8789716372930495	3.0425477027893066	True	LAD16-exhaustive
M4	16	1	142049	-1.116029149680429	105728	321	1.61328125	1.1039626767055746	1.3293047727359426	3.496780216693878	True	LAD16-exhaustive
M4	16	1	142369	-1.1192755167028032	90944	385	1.3876953125	0.9502693259644476	0.8422338284170672	3.0145995169878006	True	LAD16-exhaustive
M4	16	1	142433	-1.1199239144259288	117888	321	1.798828125	1.2319803350906149	1.7361636732757306	3.9094922840595245	True	LAD16-exhaustive
M4	16	1	142529	-1.1208959649390842	74880	289	1.142578125	0.7826943516327909	0.3100864816987106	2.4849016964435577	True	LAD16-exhaustive
M4	16	1	142657	-1.1221910143288447	102912	353	1.5703125	1.0760071007171266	1.2414598353933013	3.418213963508606	True	LAD16-exhaustive
M4	16	1	143137	-1.1270371221600968	92416	193	1.41015625	0.9672861483871817	0.8958348234721905	3.0799184441566467	True	LAD16-exhaustive
M4	16	1	143329	-1.128971016509361	93056	321	1.419921875	0.974394737350022	0.9183944826714733	3.1054074466228485	True	LAD16-exhaustive
M4	16	1	143489	-1.130580617235161	166144	385	2.53515625	1.740312285461239	3.361227361810483	5.5506444573402405	True	LAD16-exhaustive
M4	16	1	143617	-1.1318670060773925	119552	385	1.82421875	1.25262404480354	1.806238257705806	3.9976322054862976	True	LAD16-exhaustive
M4	16	1	143873	-1.134436347815086	90112	321	1.375	0.9446887177185208	0.8232604715037766	3.018575668334961	True	LAD16-exhaustive
M4	16	1	144161	-1.137321398262202	87552	289	1.3359375	0.9184251771016138	0.7389804827573052	2.93869149684906	True	LAD16-exhaustive
M4	16	1	144289	-1.1386017933209978	78848	353	1.203125	0.8273491265298536	0.44722214274814986	2.648890733718872	True	LAD16-exhaustive
M4	16	1	144481	-1.1405202577644573	105600	353	1.611328125	1.1085169645556767	1.347757668850614	3.5523422062397003	True	LAD16-exhaustive
M4	16	1	144577	-1.141478534158935	114688	353	1.75	1.2041661114072495	1.6545777065690088	3.8606224060058594	True	LAD16-exhaustive
M4	16	1	144737	-1.1430742483661618	84864	289	1.294921875	0.8913364947395517	0.6513482478351262	2.859849661588669	True	LAD16-exhaustive
M4	16	1	144961	-1.145305287265721	78848	289	1.203125	0.8285487758674749	0.4493049992370489	2.6612274646759033	True	LAD16-exhaustive
M4	16	1	145121	-1.1468967767752432	91904	225	1.40234375	0.9660751525888178	0.890951817254139	3.105308949947357	True	LAD16-exhaustive
M4	16	1	145441	-1.1500744985677258	81408	353	1.2421875	0.8563295928802328	0.5374836680781262	2.756729006767273	True	LAD16-exhaustive
M4	16	1	145601	-1.1516607385591797	88320	225	1.34765625	0.9293540545252823	0.7723979195277333	2.9940810799598694	True	LAD16-exhaustive
M4	16	1	145633	-1.1519777773767252	104576	353	1.595703125	1.1004841320802632	1.3237816922732129	3.545944720506668	True	LAD16-exhaustive
M4	16	1	146273	-1.158303966668118	111872	257	1.70703125	1.1788628476320535	1.5780816667620357	3.8100064396858215	True	LAD16-exhaustive
M4	16	1	146369	-1.159250507006778	95232	257	1.453125	1.0037208034062595	1.0120310234988936	3.245429277420044	True	LAD16-exhaustive
M4	16	1	146849	-1.1639739157893736	101248	289	1.544921875	1.068207738915714	1.2210457377260242	3.461765021085739	True	LAD16-exhaustive
M4	16	1	146977	-1.165230884042117	90880	225	1.38671875	0.9590788365774638	0.8673039096475166	3.1099817156791687	True	LAD16-exhaustive
M4	16	1	147073	-1.1661728920601142	92928	321	1.41796875	0.9808893266892591	0.9380013423170824	3.182142913341522	True	LAD16-exhaustive
M4	16	1	147137	-1.166800555865379	96512	257	1.47265625	1.0188563734588945	1.061192075322347	3.306308329105377	True	LAD16-exhaustive
M4	16	1	147457	-1.169934785311053	81664	289	1.24609375	0.8626861388866718	0.5537231417372397	2.8037299513816833	True	LAD16-exhaustive
M4	16	1	147617	-1.1714993503297606	99584	225	1.51953125	1.05234126131235	1.1702394831960021	3.422678291797638	True	LAD16-exhaustive
M4	16	1	147937	-1.1746233993595965	85760	289	1.30859375	0.906861010313999	0.6966114838445105	2.9539403319358826	True	LAD16-exhaustive
M4	16	1	148193	-1.1771177769807224	80512	257	1.228515625	0.8518182737667737	0.5167378655012589	2.777975708246231	True	LAD16-exhaustive
M4	16	1	148513	-1.1802296964706116	85504	193	1.3046875	0.9052317923433062	0.6904715753032731	2.9565895795822144	True	LAD16-exhaustive
M4	16	1	148609	-1.1811619648906166	80128	289	1.22265625	0.8484838363729547	0.5049015435454337	2.772487223148346	True	LAD16-exhaustive
M4	16	1	148961	-1.1845751375307323	92416	193	1.41015625	0.9793109669003152	0.932284812027924	3.2052350640296936	True	LAD16-exhaustive
M4	16	1	149057	-1.1855046030577512	90240	385	1.376953125	0.9564406033455348	0.8573663226234073	3.1317825615406036	True	LAD16-exhaustive
M4	16	1	149153	-1.186433470156171	77440	321	1.181640625	0.8209366342814922	0.4134011465724422	2.689289003610611	True	LAD16-exhaustive
M4	16	1	149249	-1.1873617395960778	92224	449	1.4072265625	0.9778528997810009	0.9274152319609751	3.2047600895166397	True	LAD16-exhaustive
M4	16	1	149377	-1.1885985038198434	90112	193	1.375	0.9557091972528291	0.854755092698558	3.134054183959961	True	LAD16-exhaustive
M4	16	1	149441	-1.1892164885732939	79616	225	1.21484375	0.8445010831150919	0.4899132500762951	2.7701944708824158	True	LAD16-exhaustive
M4	16	1	149729	-1.1919941487673356	79040	353	1.2060546875	0.838883242458969	0.4707768719720378	2.7554529160261154	True	LAD16-exhaustive
M4	16	1	149921	-1.1938429556137145	110080	417	1.6796875	1.1687789139661926	1.55488562886244	3.8424748182296753	True	LAD16-exhaustive
M4	16	1	149953	-1.1941508598767285	100864	353	1.5390625	1.0709971741465882	1.2334483720531013	3.5215307474136353	True	LAD16-exhaustive
M4	16	1	150209	-1.1966117311396935	94720	289	1.4453125	1.0062803383292236	1.0206751401922636	3.3126670122146606	True	LAD16-exhaustive
M4	16	1	150401	-1.1984546338077138	93568	257	1.427734375	0.994427412448017	0.9816384792000458	3.2765606343746185	True	LAD16-exhaustive
M4	16	1	150497	-1.1993752030944798	92544	353	1.412109375	0.983734930979554	0.94638322437438	3.2427707612514496	True	LAD16-exhaustive
M4	16	1	150721	-1.2015209164896277	92288	289	1.408203125	0.981456159381127	0.9388080140859846	3.23861363530159	True	LAD16-exhaustive
M4	16	1	150881	-1.2030516174014032	101120	289	1.54296875	1.0757276170373262	1.2500750433928436	3.5523173213005066	True	LAD16-exhaustive
M4	16	1	151009	-1.2042750098708446	92736	225	1.4150390625	0.986790831374051	0.9563536093547341	3.2605534940958023	True	LAD16-exhaustive
M4	16	1	151169	-1.2058027930192807	93440	257	1.42578125	0.994600587812177	0.9821458118753338	3.2887867093086243	True	LAD16-exhaustive
M4	16	1	151201	-1.2061081555981126	80896	257	1.234375	0.8611339803955043	0.5407451647974365	2.8478810787200928	True	LAD16-exhaustive
M4	16	1	151553	-1.2094628850696765	98560	353	1.50390625	1.049903743671921	1.165308673323415	3.4778061509132385	True	LAD16-exhaustive
M4	16	1	151681	-1.2106808551930932	82432	289	1.2578125	0.878325067271748	0.5967079852368963	2.91116726398468	True	LAD16-exhaustive
M4	16	1	151841	-1.2122018732934166	75840	321	1.1572265625	0.8083433243622226	0.36428532046330203	2.681189551949501	True	LAD16-exhaustive
M4	16	1	151937	-1.2131137150234714	99840	289	1.5234375	1.0643509207507174	1.2135427395666438	3.531898856163025	True	LAD16-exhaustive
M4	16	1	151969	-1.2134175342404596	86272	129	1.31640625	0.9197667233993397	0.7337139147974365	3.052565634250641	True	LAD16-exhaustive
M4	16	1	152417	-1.2176642988421094	121856	417	1.859375	1.3002879504432168	1.9986779488059816	4.324346303939819	True	LAD16-exhaustive
M4	16	1	152641	-1.2197830024803693	97792	289	1.4921875	1.0439690533674648	1.1463796778439002	3.475479006767273	True	LAD16-exhaustive
M4	16	1	152833	-1.2215965609784831	78080	225	1.19140625	0.8338501584767457	0.44637508821622035	2.778414785861969	True	LAD16-exhaustive
M4	16	1	152897	-1.2222005742187	77824	193	1.1875	0.8312206430376502	0.43744850080109865	2.7704648971557617	True	LAD16-exhaustive
M4	16	1	152993	-1.2231061201892928	88192	353	1.345703125	0.9421362855246238	0.8070520821412223	3.141527682542801	True	LAD16-exhaustive
M4	16	1	153089	-1.2240110981263612	83968	193	1.28125	0.8971809190665252	0.6569967383840696	2.9929394721984863	True	LAD16-exhaustive
M4	16	1	153281	-1.2258193527473331	83840	289	1.279296875	0.8961497527460286	0.6532525260833906	2.992125004529953	True	LAD16-exhaustive
M4	16	1	153313	-1.2261205082916433	89600	289	1.3671875	0.9577771658297083	0.8590007963302052	3.198358416557312	True	LAD16-exhaustive
M4	16	1	153409	-1.2270235979196968	115456	353	1.76171875	1.234395606724779	1.783085553044175	4.123893916606903	True	LAD16-exhaustive
M4	16	1	153889	-1.2315305858130188	81920	225	1.25	0.8766645854601137	0.5870489051651789	2.935199737548828	True	LAD16-exhaustive
M4	16	1	153953	-1.232130455122256	110976	289	1.693359375	1.1877540269143416	1.6288205670157168	3.9779320657253265	True	LAD16-exhaustive
M4	16	1	154081	-1.2333294459860085	109184	321	1.666015625	1.1688645340759554	1.5658862213416496	3.9169518053531647	True	LAD16-exhaustive
M4	16	1	154369	-1.2360235376865703	113792	321	1.736328125	1.21887385553753	1.7344355890459298	4.089893132448196	True	LAD16-exhaustive
M4	16	1	154753	-1.2396078518451468	109376	353	1.6689453125	1.1724392338452958	1.5796336910858702	3.9409529715776443	True	LAD16-exhaustive
M4	16	1	154849	-1.2405025406931784	97536	289	1.48828125	1.0457150395729726	1.1537325594148164	3.5165231823921204	True	LAD16-exhaustive
M4	16	1	155009	-1.2419924568938754	102528	385	1.564453125	1.0995733933053042	1.3350929190985732	3.7003221809864044	True	LAD16-exhaustive
M4	16	1	155137	-1.2431832829933143	160256	385	2.4453125	1.7191054837609665	3.421399943732357	5.788550496101379	True	LAD16-exhaustive
M4	16	1	155201	-1.243778327647373	121344	225	1.8515625	1.3018463302882175	2.0166834754329748	4.38483202457428	True	LAD16-exhaustive
M4	16	1	155521	-1.2467498750518011	111872	289	1.70703125	1.2009590648127624	1.6778546888113222	4.050891220569611	True	LAD16-exhaustive
M4	16	1	155777	-1.2491227140274752	98944	353	1.509765625	1.062693210334844	1.2117152630750745	3.588665157556534	True	LAD16-exhaustive
M4	16	1	155809	-1.2494190446807814	68736	161	1.048828125	0.7382936123325006	0.11608852259288929	2.493543416261673	True	LAD16-exhaustive
M4	16	1	156257	-1.2535612955016369	81408	321	1.2421875	0.8751464984647778	0.5774546759365224	2.9617384672164917	True	LAD16-exhaustive
M4	16	1	156353	-1.2544473754624796	68608	97	1.046875	0.7376786796717263	0.11183408674753949	2.4975898265838623	True	LAD16-exhaustive
M4	16	1	156577	-1.2565127814277375	82304	321	1.255859375	0.8853132354819866	0.6113022561894408	3.0004683434963226	True	LAD16-exhaustive
M4	16	1	156641	-1.2571023547211126	78336	353	1.1953125	0.8427325422750432	0.46683368142977033	2.8569785356521606	True	LAD16-exhaustive
M4	16	1	156833	-1.258869630364316	108544	321	1.65625	1.1681296600679953	1.5704838063630122	3.9635415077209473	True	LAD16-exhaustive
M4	16	1	157057	-1.2609287194975636	105344	321	1.607421875	1.1341686018449675	1.4557085133421073	3.852185934782028	True	LAD16-exhaustive
M4	16	1	157217	-1.2623977002372087	73472	225	1.12109375	0.7912611159215182	0.2905011992637522	2.6894378066062927	True	LAD16-exhaustive
M4	16	1	157793	-1.2676736804897963	87296	257	1.33203125	0.9411502679075172	0.799453834306096	3.2071717381477356	True	LAD16-exhaustive
M4	16	1	157889	-1.268551137729645	110400	289	1.6845703125	1.1904500952015562	1.6492885033999007	4.058458283543587	True	LAD16-exhaustive
M4	16	1	158017	-1.2697202511706003	84992	257	1.296875	0.9166918518957557	0.7158205062180514	3.126957654953003	True	LAD16-exhaustive
M4	16	1	158113	-1.27059646493192	97408	257	1.486328125	1.0507932055199465	1.1733394190604258	3.585934430360794	True	LAD16-exhaustive
M4	16	1	158209	-1.2714721468520978	78720	353	1.201171875	0.8493465798943212	0.48565195959220264	2.899722307920456	True	LAD16-exhaustive
M4	16	1	158657	-1.2755516492851768	113728	289	1.7353515625	1.2280798282345602	1.7802498337005035	4.201136365532875	True	LAD16-exhaustive
M4	16	1	158849	-1.2772964823378743	115712	449	1.765625	1.2499454757246506	1.855783407721065	4.2795984745025635	True	LAD16-exhaustive
M4	16	1	158881	-1.277587082794014	89088	161	1.359375	0.96240401475385	0.871257486457618	3.2955758571624756	True	LAD16-exhaustive
M4	16	1	159073	-1.2793294573608982	92224	193	1.4072265625	0.9966330272143579	0.9884603795920119	3.4157066494226456	True	LAD16-exhaustive
M4	16	1	159169	-1.2801998561651189	105728	193	1.61328125	1.142767210558112	1.4895149657625697	3.918218433856964	True	LAD16-exhaustive
M4	16	1	159233	-1.2807798304357583	93696	161	1.4296875	1.0128373686979464	1.0440288347829405	3.473715662956238	True	LAD16-exhaustive
M4	16	1	159361	-1.281939079983271	119040	289	1.81640625	1.2871030005257986	1.9852493538757916	4.416874945163727	True	LAD16-exhaustive
M4	16	1	159457	-1.2828079062610271	75008	161	1.14453125	0.8111555945600288	0.3516673461699855	2.7847827076911926	True	LAD16-exhaustive
M4	16	1	159521	-1.2833868332331448	76288	289	1.1640625	0.8250942612616415	0.39935018024719615	2.833441376686096	True	LAD16-exhaustive
M4	16	1	159553	-1.2836762096252237	85248	257	1.30078125	0.9220551552337308	0.7322888652056153	3.166863262653351	True	LAD16-exhaustive
M4	16	1	159617	-1.2842547883378508	109568	321	1.671875	1.1852422890980316	1.6364182784008545	4.071955442428589	True	LAD16-exhaustive
M4	16	1	159937	-1.287144206510689	96640	193	1.474609375	1.046003936672292	1.1582757245651178	3.598702996969223	True	LAD16-exhaustive
M4	16	1	160001	-1.2877213963652778	92416	193	1.41015625	1.000400867960104	1.0013795705539026	3.4427857995033264	True	LAD16-exhaustive
M4	16	1	160033	-1.288009904720404	86528	353	1.3203125	0.9367178425685381	0.782186164835584	3.2240840196609497	True	LAD16-exhaustive
M4	16	1	160481	-1.2920429753459146	77312	193	1.1796875	0.8376284408515327	0.4400157120241093	2.888754725456238	True	LAD16-exhaustive
M4	16	1	161281	-1.2992169636412996	95872	289	1.462890625	1.04021084443172	1.139169342956054	3.600104719400406	True	LAD16-exhaustive
M4	16	1	161377	-1.3000754498899703	100864	257	1.5390625	1.094562160936839	1.3274172436484322	3.789814591407776	True	LAD16-exhaustive
M4	16	1	161569	-1.3017908913599783	99072	353	1.51171875	1.075484741434541	1.2615836838139924	3.726911723613739	True	LAD16-exhaustive
M4	16	1	161729	-1.3032188694197728	97280	193	1.484375	1.0563330944408265	1.1953533894102388	3.663123846054077	True	LAD16-exhaustive
M4	16	1	161761	-1.303504295500698	162816	289	2.484375	1.7680688809965859	3.6639045452811474	6.132125616073608	True	LAD16-exhaustive
M4	16	1	161921	-1.3049305794790662	82304	257	1.255859375	0.8940190887880514	0.6321661075665674	3.102874845266342	True	LAD16-exhaustive
M4	16	1	162017	-1.3057856735278044	103744	321	1.5830078125	1.127101395539536	1.4413241284475853	3.913485363125801	True	LAD16-exhaustive
M4	16	1	162209	-1.307494342667411	88960	353	1.357421875	0.9668138125345783	0.8846729979686427	3.35977241396904	True	LAD16-exhaustive
M4	16	1	162529	-1.3103376351833127	109312	321	1.66796875	1.1886720085973674	1.6565849236095216	4.136555373668671	True	LAD16-exhaustive
M4	16	1	162593	-1.3109056218702158	99200	321	1.513671875	1.0788349136093554	1.2744251342317083	3.7553779780864716	True	LAD16-exhaustive
M4	16	1	162881	-1.3134587983464812	98368	353	1.5009765625	1.0703302898070297	1.2451295258497368	3.730477347970009	True	LAD16-exhaustive
M4	16	1	163169	-1.3160074643782913	90240	321	1.376953125	0.9823879969441942	0.9385376432917525	3.428284674882889	True	LAD16-exhaustive
M4	16	1	163393	-1.3179866520354118	81408	193	1.2421875	0.8865876703046373	0.603826080529488	3.0969961881637573	True	LAD16-exhaustive
M4	16	1	163841	-1.321936900372215	96512	353	1.47265625	1.0519037417003088	1.1816658679522392	3.6816630959510803	True	LAD16-exhaustive
M4	16	1	164321	-1.3261573409685248	80896	321	1.234375	0.88243828473044	0.587666657129778	3.0949971675872803	True	LAD16-exhaustive
M4	16	1	164449	-1.327280709734314	82432	257	1.2578125	0.8993930352220154	0.6469368705653468	3.1562196016311646	True	LAD16-exhaustive
M4	16	1	164513	-1.3278420662665695	90624	289	1.3828125	0.9888833322284915	0.9609770780880446	3.4712315797805786	True	LAD16-exhaustive
M4	16	1	165089	-1.3328844700717433	74624	289	1.138671875	0.8151025095908275	0.3493278579671168	2.868380755186081	True	LAD16-exhaustive
M4	16	1	165313	-1.3348406551957517	75520	225	1.15234375	0.8252070728087313	0.3842893468184939	2.9067596793174744	True	LAD16-exhaustive
M4	16	1	165569	-1.3370730522687921	66560	33	1.015625	0.7276205328553379	0.03947532806897078	2.565857172012329	True	LAD16-exhaustive
M4	16	1	165601	-1.3373518591743228	77056	257	1.17578125	0.8424068547575886	0.4441832727740902	2.9710472226142883	True	LAD16-exhaustive
M4	16	1	165857	-1.3395803768381285	79104	225	1.20703125	0.8651750364370852	0.5239579160944533	3.0547268986701965	True	LAD16-exhaustive
M4	16	1	166081	-1.3415275099666886	71168	129	1.0859375	0.7786749876411819	0.21778570134279393	2.751977324485779	True	LAD16-exhaustive
M4	16	1	166273	-1.3431943921385	80192	193	1.2236328125	0.8776966223461334	0.5673929752470054	3.104508951306343	True	LAD16-exhaustive
M4	16	1	166561	-1.3456911098745188	85504	161	1.3046875	0.9362938382716635	0.7743809367132067	3.315888285636902	True	LAD16-exhaustive
M4	16	1	166657	-1.3465223898639387	87296	161	1.33203125	0.9560722679129772	0.8443630431258107	3.387334167957306	True	LAD16-exhaustive
M4	16	1	166849	-1.3481835142722112	78720	257	1.201171875	0.8624273881673222	0.5121740470263981	3.0580799281597137	True	LAD16-exhaustive
M4	16	1	167009	-1.3495663250732974	94720	193	1.4453125	1.0379979501191172	1.1348316977569237	3.6831694841384888	True	LAD16-exhaustive
M4	16	1	167329	-1.3523279767793923	98560	257	1.50390625	1.0806613684650697	1.2866121752689403	3.839830458164215	True	LAD16-exhaustive
M4	16	1	167393	-1.3528796733140815	70912	193	1.08203125	0.7775984726235146	0.20952860351338978	2.7637398838996887	True	LAD16-exhaustive
M4	16	1	167521	-1.3539824338688788	94080	353	1.435546875	1.0318732323856712	1.113347799601358	3.6694984138011932	True	LAD16-exhaustive
M4	16	1	167777	-1.356185429426457	98368	257	1.5009765625	1.0793673052674637	1.2825565686512932	3.842610850930214	True	LAD16-exhaustive
M4	16	1	167809	-1.3564605674920998	114176	289	1.7421875	1.252891620043798	1.9004462071793697	4.460979342460632	True	LAD16-exhaustive
M4	16	1	167873	-1.3570106862576914	79360	289	1.2109375	0.8709372041125412	0.5403328135729	3.1018632650375366	True	LAD16-exhaustive
M4	16	1	168193	-1.3597581379642634	105472	321	1.609375	1.1581223018850972	1.563936970702678	4.1303346157073975	True	LAD16-exhaustive
M4	16	1	168353	-1.3611299042246436	80640	225	1.23046875	0.8856936032150003	0.5920516589417868	3.1609055399894714	True	LAD16-exhaustive
M4	16	1	168449	-1.3619523383412826	86272	225	1.31640625	0.9477029044988119	0.8132801771000229	3.3835955262184143	True	LAD16-exhaustive
M4	16	1	168481	-1.3622263788924194	98304	385	1.5	1.0799325687132504	1.285427634088655	3.8562240600585938	True	LAD16-exhaustive
M4	16	1	168673	-1.3638695299616295	105472	257	1.609375	1.159047126379116	1.5684002346074617	4.142122030258179	True	LAD16-exhaustive
M4	16	1	168737	-1.3644168313677767	94848	225	1.447265625	1.0424090790432703	1.151602346313039	3.726307064294815	True	LAD16-exhaustive
M4	16	1	168769	-1.3646904042313537	111488	257	1.701171875	1.2253528585592863	1.8056927774757763	4.380875796079636	True	LAD16-exhaustive
M4	16	1	169217	-1.3685149872427154	111360	193	1.69921875	1.224853033067876	1.8054428811894407	4.387461841106415	True	LAD16-exhaustive
M4	16	1	169249	-1.3687877841643932	97600	225	1.4892578125	1.0735629153085922	1.2635446022402153	3.846060112118721	True	LAD16-exhaustive
M4	16	1	169313	-1.3693332233082813	80064	225	1.2216796875	0.8807665082508154	0.5727207283083466	3.156223341822624	True	LAD16-exhaustive
M4	16	1	169409	-1.3701509955677373	80128	193	1.22265625	0.8816099694235647	0.5755698887045091	3.160537302494049	True	LAD16-exhaustive
M4	16	1	169633	-1.3720573300996257	75008	225	1.14453125	0.8255811570079687	0.37410955262455176	2.9624980092048645	True	LAD16-exhaustive
M4	16	1	169889	-1.3742329181349078	95616	257	1.458984375	1.0528467636450616	1.18984354138056	3.782125800848007	True	LAD16-exhaustive
M4	16	1	170081	-1.375862458843205	86400	321	1.318359375	0.9516666137247682	0.8262284406710155	3.4214459359645844	True	LAD16-exhaustive
M4	16	1	170369	-1.3783033239974891	95744	225	1.4609375	1.0550836820804226	1.198282763981079	3.7978891134262085	True	LAD16-exhaustive
M4	16	1	170497	-1.3793868287994542	81664	225	1.24609375	0.9001120445268015	0.6402417958915083	3.2418097853660583	True	LAD16-exhaustive
M4	16	1	170689	-1.3810105617608919	88064	193	1.34375	0.9709569889172989	0.8953130960555429	3.4998068809509277	True	LAD16-exhaustive
M4	16	1	170881	-1.382632469288044	88064	289	1.34375	0.9712597444758392	0.8963201915007248	3.5037436485290527	True	LAD16-exhaustive
M4	16	1	171169	-1.3850619168539708	91264	193	1.392578125	1.0070222939964049	1.0253636236839094	3.6371796429157257	True	LAD16-exhaustive
M4	16	1	171233	-1.3856012389589374	89600	289	1.3671875	0.9887637568738175	0.9594051604104676	3.572198748588562	True	LAD16-exhaustive
M4	16	1	171329	-1.386409844277395	83968	193	1.28125	0.9267566251097676	0.7352755207141223	3.3495373725891113	True	LAD16-exhaustive
M4	16	1	171553	-1.3882948294042485	83520	289	1.2744140625	0.9221451767447636	0.7183421936989777	3.336022272706032	True	LAD16-exhaustive
M4	16	1	171617	-1.3888329445290388	85504	225	1.3046875	0.9441478658729422	0.7978874599450675	3.416542887687683	True	LAD16-exhaustive
M4	16	1	171713	-1.3896397410661017	97792	225	1.4921875	1.0800006414701073	1.2896161163881896	3.9097288846969604	True	LAD16-exhaustive
M4	16	1	171937	-1.3915205135667712	95360	193	1.455078125	1.0535211207137052	1.1939386217765315	3.817470818758011	True	LAD16-exhaustive
M4	16	1	172001	-1.392057427101669	79488	257	1.212890625	0.8782601390552379	0.558745714360647	3.1832641661167145	True	LAD16-exhaustive
M4	16	1	172097	-1.3928624229314543	107776	289	1.64453125	1.190996559938266	1.6925596174753947	4.318525612354279	True	LAD16-exhaustive
M4	16	1	172321	-1.3947390015929848	77824	129	1.1875	0.8603154324465223	0.49302185854886704	3.1224241256713867	True	LAD16-exhaustive
M4	16	1	172673	-1.3976829880426855	80128	321	1.22265625	0.8862830914841231	0.5866593828679332	3.221431314945221	True	LAD16-exhaustive
M4	16	1	172801	-1.3987520408436716	77568	289	1.18359375	0.8581422176832287	0.48409527113374534	3.1208218932151794	True	LAD16-exhaustive
M4	16	1	172993	-1.4003541361739344	89856	225	1.37109375	0.9943890071343825	0.9795776469634546	3.619226396083832	True	LAD16-exhaustive
M4	16	1	173249	-1.4024874995311656	93440	257	1.42578125	1.0344712199362185	1.125599691481651	3.7691524624824524	True	LAD16-exhaustive
M4	16	1	173473	-1.4043516081491347	78976	193	1.205078125	0.8746507128553228	0.5428476017109178	3.1898272335529327	True	LAD16-exhaustive
M4	16	1	173729	-1.40647907283768	99968	321	1.525390625	1.1075823688086173	1.3927761942568857	4.043649107217789	True	LAD16-exhaustive
M4	16	1	174017	-1.4088687265893967	83072	289	1.267578125	0.9208027592260761	0.7105080121786068	3.3657858669757843	True	LAD16-exhaustive
M4	16	1	174049	-1.4091339995056735	94336	225	1.439453125	1.0457099679157416	1.167107300726711	3.8228664696216583	True	LAD16-exhaustive
M4	16	1	174241	-1.4107246135107268	78592	193	1.19921875	0.8714511636642116	0.5296723005836576	3.1883708834648132	True	LAD16-exhaustive
M4	16	1	174337	-1.4115192633591214	92416	257	1.41015625	1.0248899836423175	1.0911026193064775	3.7512574791908264	True	LAD16-exhaustive
M4	16	1	174721	-1.414693492966741	97280	257	1.484375	1.079479739840004	1.2913784142061493	3.9573895931243896	True	LAD16-exhaustive
M4	16	1	175361	-1.4199684048718808	80384	161	1.2265625	0.8928800252494853	0.6062443970778973	3.2820316553115845	True	LAD16-exhaustive
M4	16	1	175393	-1.4202316448716346	104576	321	1.595703125	1.1616547607713714	1.594295539835584	4.270556002855301	True	LAD16-exhaustive
M4	16	1	175649	-1.422335837509209	79872	161	1.21875	0.8875888066787183	0.5863007362478065	3.2664828300476074	True	LAD16-exhaustive
M4	16	1	175873	-1.4241744918915806	98304	257	1.5	1.0927951849151645	1.3418249790188448	4.025413513183594	True	LAD16-exhaustive
M4	16	1	175937	-1.4246993916024238	112256	353	1.712890625	1.248015661818451	1.9138450887407492	4.598401457071304	True	LAD16-exhaustive
M4	16	1	176129	-1.426272945852542	90880	321	1.38671875	1.0106651661759716	1.0393284003776608	3.7268278002738953	True	LAD16-exhaustive
M4	16	1	176161	-1.4265350381142312	98304	225	1.5	1.0932804018270885	1.3440222781719693	4.032005310058594	True	LAD16-exhaustive
M4	16	1	176321	-1.4278447856894054	81664	257	1.24609375	0.9084434378049335	0.6621117890249485	3.3525466322898865	True	LAD16-exhaustive
M4	16	1	176353	-1.4281065925786862	83328	225	1.271484375	0.926999619594089	0.7305574728675517	3.4214795529842377	True	LAD16-exhaustive
M4	16	1	176417	-1.4286300638694982	73856	97	1.126953125	0.8217071545311674	0.3417515747787442	3.0336561501026154	True	LAD16-exhaustive
M4	16	1	176609	-1.430199339079607	100352	161	1.53125	1.1168252413852915	1.431655317769131	4.1264729499816895	True	LAD16-exhaustive
M4	16	1	176641	-1.4304607190735759	81024	225	1.236328125	0.9017666338866155	0.6369914752136263	3.332309514284134	True	LAD16-exhaustive
M4	16	1	177217	-1.4351574792287636	75008	289	1.14453125	0.8355457196284686	0.3908353480010681	3.0949462056159973	True	LAD16-exhaustive
M4	16	1	177409	-1.4367196741886126	116992	321	1.78515625	1.3036040616613294	2.1254869177729456	4.832500994205475	True	LAD16-exhaustive
M4	16	1	177473	-1.4372400301583035	94208	257	1.4375	1.0498314355905978	1.1847781719691768	3.8927831649780273	True	LAD16-exhaustive
M4	16	1	177601	-1.4382801793848508	94720	257	1.4453125	1.0557422401968446	1.2068046892881665	3.9167624711990356	True	LAD16-exhaustive
M4	16	1	177761	-1.4395793122248293	79488	161	1.212890625	0.8861824706967028	0.5774570899614709	3.289865881204605	True	LAD16-exhaustive
M4	16	1	177889	-1.44061777685695	108288	225	1.65234375	1.2074971134471129	1.7707297984855421	4.485073506832123	True	LAD16-exhaustive
M4	16	1	177953	-1.4411367289964545	72704	97	1.109375	0.8107857856444671	0.29699564164187076	3.012338399887085	True	LAD16-exhaustive
M4	16	1	178561	-1.4460574863032498	109312	289	1.66796875	1.2201517762222651	1.8199918817235066	4.54458874464035	True	LAD16-exhaustive
M4	16	1	178753	-1.4476079291882762	110592	289	1.6875	1.2347953542539953	1.8752222095063706	4.602747917175293	True	LAD16-exhaustive
M4	16	1	178817	-1.4481243734291418	86272	129	1.31640625	0.963347205696086	0.8633373984321355	3.5918551087379456	True	LAD16-exhaustive
M4	16	1	179041	-1.4499304737894256	65536	1	1.0	0.732046480439618	0.0	2.7319488525390625	True	LAD16-exhaustive
M4	16	1	179233	-1.4514767622411	94720	289	1.4453125	1.058339714801363	1.2178941834515908	3.9527541399002075	True	LAD16-exhaustive
M4	16	1	179393	-1.4527640711470795	97792	193	1.4921875	1.0929252359366834	1.347295219157702	4.0845946073532104	True	LAD16-exhaustive
M4	16	1	179969	-1.457388895447849	91008	225	1.388671875	1.0179788869911488	1.0673516238937208	3.813444346189499	True	LAD16-exhaustive
M4	16	1	180001	-1.4576453959419489	91008	321	1.388671875	1.0180271983410782	1.067541407978561	3.8141224086284637	True	LAD16-exhaustive
M4	16	1	180097	-1.4584146239143685	83200	129	1.26953125	0.9308183360932207	0.7406999241817349	3.4887507557868958	True	LAD16-exhaustive
M4	16	1	180161	-1.4589272147997256	70656	65	1.078125	0.7905544987504884	0.2147719253070878	2.9638073444366455	True	LAD16-exhaustive
M4	16	1	180289	-1.4599518505217155	97280	289	1.484375	1.0886507597915582	1.3325319962615396	4.083503484725952	True	LAD16-exhaustive
M4	16	1	181409	-1.4688865065616667	98112	353	1.4970703125	1.099771722821014	1.375952213631075	4.14401288330555	True	LAD16-exhaustive
M4	16	1	181537	-1.4699040958057417	79616	257	1.21484375	0.8926106148966698	0.5951337429427024	3.3651594519615173	True	LAD16-exhaustive
M4	16	1	181729	-1.471429135163369	90112	225	1.375	1.010569168985376	1.039877546349279	3.812826156616211	True	LAD16-exhaustive
M4	16	1	181889	-1.4726987709978978	80384	225	1.2265625	0.9016838567095351	0.6288124904631113	3.404208779335022	True	LAD16-exhaustive
M4	16	1	182177	-1.474981303607077	97024	225	1.48046875	1.0887940651593382	1.3356276107232776	4.115407645702362	True	LAD16-exhaustive
M4	16	1	182209	-1.4752346955673978	81152	289	1.23828125	0.9107223112618267	0.6625007748722057	3.4427793622016907	True	LAD16-exhaustive
M4	16	1	182561	-1.4780190737345968	79872	161	1.21875	0.896815018178447	0.6093723773556114	3.3950228691101074	True	LAD16-exhaustive
M4	16	1	182593	-1.478271932755323	73472	257	1.12109375	0.8249930322001144	0.3373902661745632	3.1235331892967224	True	LAD16-exhaustive
M4	16	1	182657	-1.4787775178809177	79872	129	1.21875	0.8969395417660521	0.6096928168154422	3.39680814743042	True	LAD16-exhaustive
M4	16	1	183041	-1.4818073135008696	75520	193	1.15234375	0.8485378811460077	0.4255001502059968	3.2184776663780212	True	LAD16-exhaustive
M4	16	1	183329	-1.484075491885342	101696	289	1.5517578125	1.1431231837783389	1.5434990159122988	4.340854004025459	True	LAD16-exhaustive
M4	16	1	183361	-1.484327291724039	81920	257	1.25	0.9208715688480329	0.6994773785000381	3.497333526611328	True	LAD16-exhaustive
M4	16	1	183713	-1.4870941932755066	78080	225	1.19140625	0.8781487370259742	0.5365654445143816	3.339795172214508	True	LAD16-exhaustive
M4	16	1	183809	-1.4878478827257986	92672	193	1.4140625	1.0424049267778652	1.1613399567025253	3.9660249948501587	True	LAD16-exhaustive
M4	16	1	184321	-1.4918609234299751	105152	225	1.6044921875	1.183648199331565	1.7001694436894408	4.5126587599515915	True	LAD16-exhaustive
M4	16	1	184417	-1.492612127412503	81280	193	1.240234375	0.9150569018626576	0.6760250665197985	3.48999485373497	True	LAD16-exhaustive
M4	16	1	184577	-1.4938632654852562	89280	225	1.3623046875	1.005350052395277	1.0204182849574654	3.8368242233991623	True	LAD16-exhaustive
M4	16	1	184609	-1.4941133629506211	105728	193	1.61328125	1.1906191564908613	1.72758431801709	4.544467747211456	True	LAD16-exhaustive
M4	16	1	184993	-1.4971111556846104	76288	193	1.1640625	0.8595582691854803	0.4631176327534905	3.2858797311782837	True	LAD16-exhaustive
M4	16	1	185057	-1.49761018275413	86272	193	1.31640625	0.9721387410861081	0.8934644297894255	3.717196524143219	True	LAD16-exhaustive
M4	16	1	185089	-1.4978596315739097	95616	225	1.458984375	1.0774784497269814	1.2962990613317311	4.120513290166855	True	LAD16-exhaustive
M4	16	1	185153	-1.4983583998580947	73216	129	1.1171875	0.8251317062942781	0.33108441577019915	3.1562899351119995	True	LAD16-exhaustive
M4	16	1	185441	-1.5006007257210072	82944	257	1.265625	0.9351442593116474	0.7516253242542154	3.581218957901001	True	LAD16-exhaustive
M4	16	1	185569	-1.5015961973932548	97408	385	1.486328125	1.0984150942562643	1.3770874163138018	4.208624631166458	True	LAD16-exhaustive
M4	16	1	186049	-1.5053231105392086	110592	257	1.6875	1.2479239041433476	1.9517614633401998	4.790614128112793	True	LAD16-exhaustive
M4	16	1	186113	-1.5058193056559936	96000	257	1.46484375	1.083364321765919	1.3201108544098574	4.159949719905853	True	LAD16-exhaustive
M4	16	1	186689	-1.510277398717733	86016	193	1.3125	0.9714750083259325	0.8902161058976119	3.7388505935668945	True	LAD16-exhaustive
M4	16	1	187009	-1.5127481773995761	112896	225	1.72265625	1.2756280990886737	2.0621533937018386	4.915652811527252	True	LAD16-exhaustive
M4	16	1	187073	-1.513241825762865	71936	225	1.09765625	0.8128873497919702	0.27876474641412985	3.1332679390907288	True	LAD16-exhaustive
M4	16	1	187361	-1.5154611554910034	90176	289	1.3759765625	1.0194085502600376	1.0748965396591517	3.9337821155786514	True	LAD16-exhaustive
M4	16	1	187393	-1.5157075370715667	82112	289	1.2529296875	0.9282888922131496	0.7232357202973602	3.582614943385124	True	LAD16-exhaustive
M4	16	1	188417	-1.52356961300341	84352	193	1.287109375	0.9549571852530202	0.8254564295319295	3.7004590928554535	True	LAD16-exhaustive
M4	16	1	188609	-1.5250389942757678	73728	65	1.125	0.834901178072274	0.3597486076142519	3.2376880645751953	True	LAD16-exhaustive
M4	16	1	188801	-1.5265068805095545	92160	257	1.40625	1.0439002195914067	1.170373178454261	4.051229953765869	True	LAD16-exhaustive
M4	16	1	188833	-1.5267513830777482	95744	193	1.4609375	1.0845436962884483	1.328148484588388	4.20949113368988	True	LAD16-exhaustive
M4	16	1	189377	-1.5309015993252153	92736	289	1.4150390625	1.0512484800208013	1.1993416119487679	4.08898700773716	True	LAD16-exhaustive
M4	16	1	189473	-1.5316327526940405	97792	193	1.4921875	1.1087073432500156	1.4229990415426872	4.314105868339539	True	LAD16-exhaustive
M4	16	1	189697	-1.5333373375860617	76032	161	1.16015625	0.8622671144537127	0.46358678807125964	3.358126223087311	True	LAD16-exhaustive
M4	16	1	190369	-1.5384390413836257	103168	225	1.57421875	1.1710737199057069	1.6680163152323186	4.572791278362274	True	LAD16-exhaustive
M4	16	1	190529	-1.5396510783075215	84992	289	1.296875	0.9649630439069921	0.8631005855649653	3.770329236984253	True	LAD16-exhaustive
M4	16	1	190657	-1.5406199752353977	77312	161	1.1796875	0.8779184349530821	0.5227539435034714	3.4319409132003784	True	LAD16-exhaustive
M4	16	1	190753	-1.541346221148455	86528	225	1.3203125	0.9826974743745318	0.9323349402990768	3.8429805040359497	True	LAD16-exhaustive
M4	16	1	190913	-1.542555819174293	110080	193	1.6796875	1.2504452352426223	1.9800286821927215	4.893099665641785	True	LAD16-exhaustive
M4	16	1	191137	-1.5442475544245973	74752	193	1.140625	0.8493939371065017	0.410141765850309	3.3266546726226807	True	LAD16-exhaustive
M4	16	1	191297	-1.5454547233479161	85760	225	1.30859375	0.9746840681603149	0.9007867337109942	3.8197335600852966	True	LAD16-exhaustive
M4	16	1	191969	-1.5505138314397477	95232	225	1.453125	1.0833033782970363	1.3273205634393834	4.25651478767395	True	LAD16-exhaustive
M4	16	1	192097	-1.551475462888881	98560	225	1.50390625	1.1213509148950829	1.4770562128061342	4.408201277256012	True	LAD16-exhaustive
M4	16	1	192161	-1.551956038353648	108800	257	1.66015625	1.2379597865556702	1.9357028329327841	4.867817461490631	True	LAD16-exhaustive
M4	16	1	192193	-1.5521962660677637	75520	321	1.15234375	0.8593261203429585	0.44677504148546576	3.379400670528412	True	LAD16-exhaustive
M4	16	1	192737	-1.556274028906433	73984	193	1.12890625	0.8424529329786039	0.3791104586289769	3.3200379014015198	True	LAD16-exhaustive
M4	16	1	192833	-1.5569924391913972	80384	161	1.2265625	0.915445126960382	0.6666472352559701	3.6090351343154907	True	LAD16-exhaustive
M4	16	1	192961	-1.5579497634214796	103680	321	1.58203125	1.1809479915791734	1.7137305566681926	4.658055603504181	True	LAD16-exhaustive
M4	16	1	193057	-1.55866733994268	76416	193	1.166015625	0.8705121524085239	0.4890589534695201	3.4348675310611725	True	LAD16-exhaustive
M4	16	1	193153	-1.5593845597286915	92160	161	1.40625	1.0499961584998145	1.1973511291676204	4.144613742828369	True	LAD16-exhaustive
M4	16	1	193441	-1.5615340822181238	82432	193	1.2578125	0.9395175916397659	0.7609904297322042	3.712654232978821	True	LAD16-exhaustive
M4	16	1	193601	-1.5627268789672684	81408	161	1.2421875	0.92804065119281	0.7154610847257191	3.6695669889450073	True	LAD16-exhaustive
M4	16	1	193793	-1.564156934520689	71936	129	1.09765625	0.820266603129049	0.2887784795338369	3.2458205819129944	True	LAD16-exhaustive
M4	16	1	194017	-1.5658235430408283	66816	65	1.01953125	0.7621069940946323	0.057822454127565426	3.0182860493659973	True	LAD16-exhaustive
M4	16	1	194113	-1.5665372148866012	86272	161	1.31640625	0.9841460993585547	0.937187249656672	3.89910227060318	True	LAD16-exhaustive
M4	16	1	194977	-1.5729444243451312	72768	257	1.1103515625	0.8310289606680786	0.3283133684529259	3.303421273827553	True	LAD16-exhaustive
M4	16	1	195137	-1.5741278282705728	81408	225	1.2421875	0.9298917497372177	0.7211374408712902	3.6986807584762573	True	LAD16-exhaustive
M4	16	1	195329	-1.575546632828079	85120	257	1.298828125	0.9725328095410827	0.8906660384241245	3.8711364567279816	True	LAD16-exhaustive
M4	16	1	195457	-1.5764917279534814	80384	161	1.2265625	0.9185730848550914	0.6757187237735561	3.658145546913147	True	LAD16-exhaustive
M4	16	1	195809	-1.5790875517224698	78848	161	1.203125	0.9014276322586323	0.6069078068970779	3.5947067737579346	True	LAD16-exhaustive
M4	16	1	196033	-1.5807370110676224	74240	257	1.1328125	0.8489900630524376	0.39727829118028535	3.3884984254837036	True	LAD16-exhaustive
M4	16	1	196193	-1.5819140427755976	93312	257	1.423828125	1.0673107628076668	1.268819887512398	4.262468129396439	True	LAD16-exhaustive
M4	16	1	196769	-1.5861434234215288	80384	161	1.2265625	0.9201135955322831	0.6802544680323491	3.682700753211975	True	LAD16-exhaustive
M4	16	1	196961	-1.5875504661655775	85248	225	1.30078125	0.9760269710062248	0.9039776574540322	3.9093502163887024	True	LAD16-exhaustive
M4	16	1	196993	-1.5877848399321088	81024	161	1.236328125	0.9277028977028164	0.7103835557812619	3.7162473499774933	True	LAD16-exhaustive
M4	16	1	197089	-1.5884877328663976	94592	161	1.443359375	1.0831845370544009	1.3333524965190355	4.340671628713608	True	LAD16-exhaustive
M4	16	1	197441	-1.5910620810231428	91648	225	1.3984375	1.0499395322672032	1.2003951848249028	4.213087439537048	True	LAD16-exhaustive
M4	16	1	197569	-1.5919970698674604	89344	193	1.36328125	1.0237096862124864	1.0951875071526664	4.1098344922065735	True	LAD16-exhaustive
M4	16	1	197921	-1.5945651691290728	72256	193	1.1025390625	0.8282811315326374	0.30967626137273974	3.3297063261270523	True	LAD16-exhaustive
M4	16	1	198017	-1.5952647671804812	95360	193	1.455078125	1.0932575168396559	1.3750393694686045	4.396518021821976	True	LAD16-exhaustive
M4	16	1	198241	-1.5968958445269656	76032	97	1.16015625	0.8719160771118297	0.4844668521591516	3.5093770623207092	True	LAD16-exhaustive
M4	16	1	198337	-1.5975943135627197	92672	257	1.4140625	1.0628672767951886	1.2531306029221028	4.279493927955627	True	LAD16-exhaustive
M4	16	1	198529	-1.5989902379778194	94848	225	1.447265625	1.0880854537749372	1.3549278593976501	4.384219318628311	True	LAD16-exhaustive
M4	16	1	198593	-1.5994552461285458	86784	225	1.32421875	0.9956557965030213	0.9824914048790723	4.012765109539032	True	LAD16-exhaustive
M4	16	1	198689	-1.600152477448468	100608	321	1.53515625	1.1543942267025327	1.622486612592508	4.654215395450592	True	LAD16-exhaustive
M4	16	1	198817	-1.6010815953567068	93440	193	1.42578125	1.0723185403600124	1.2917151259822994	4.325402081012726	True	LAD16-exhaustive
M4	16	1	198977	-1.6022421519211107	72320	161	1.103515625	0.8301106509936222	0.3142935609311818	3.3504368364810944	True	LAD16-exhaustive
M4	16	1	199457	-1.6057182305421236	79616	225	1.21484375	0.914401528513125	0.6538809772449836	3.6973432898521423	True	LAD16-exhaustive
M4	16	1	199489	-1.6059496715963384	72704	97	1.109375	0.8350493139300592	0.33293826771953916	3.3768937587738037	True	LAD16-exhaustive
M4	16	1	199777	-1.608030972001771	95104	257	1.451171875	1.0927163628930279	1.375353073500801	4.423687189817429	True	LAD16-exhaustive
M4	16	1	199873	-1.6087240720973028	86528	129	1.3203125	0.9942986658748041	0.9769103580148013	4.026715397834778	True	LAD16-exhaustive
M4	16	1	200033	-1.6098784994820328	74880	161	1.142578125	0.8606207452634542	0.43519234116311895	3.487447053194046	True	LAD16-exhaustive
M4	16	1	200257	-1.6114931474766934	93184	257	1.421875	1.0712904145911089	1.2891343842984664	4.344794034957886	True	LAD16-exhaustive
M4	16	1	200513	-1.6133362494089738	79104	225	1.20703125	0.9097059817448355	0.6334394908255131	3.693015396595001	True	LAD16-exhaustive
M4	16	1	200609	-1.6140268060304983	84096	225	1.283203125	0.9672286269956302	0.8669122713530938	3.927949458360672	True	LAD16-exhaustive
M4	16	1	200929	-1.6163262771182616	91648	225	1.3984375	1.054501352668653	1.2216014105058366	4.287515997886658	True	LAD16-exhaustive
M4	16	1	201121	-1.6177042025947337	76032	193	1.16015625	0.8750291955037577	0.49150507600900284	3.5603604912757874	True	LAD16-exhaustive
M4	16	1	201281	-1.6188514693513945	86016	225	1.3125	0.9901254516220916	0.9597972457465477	4.0310869216918945	True	LAD16-exhaustive
M4	16	1	201473	-1.6202269862616383	74752	129	1.140625	0.8606676227865832	0.43232075417715726	3.5065481662750244	True	LAD16-exhaustive
M4	16	1	201889	-1.6232027814520436	92672	193	1.4140625	1.0675319494978013	1.275572809376669	4.356135010719299	True	LAD16-exhaustive
M4	16	1	201953	-1.6236600517874216	81536	225	1.244140625	0.9393241253462772	0.7523450315194171	3.8338917791843414	True	LAD16-exhaustive
M4	16	1	202049	-1.6243456856532532	100096	321	1.52734375	1.153276269671393	1.625837756065461	4.708836019039154	True	LAD16-exhaustive
M4	16	1	202529	-1.6277689758200147	92672	257	1.4140625	1.0683592875675212	1.2796164501792935	4.369944214820862	True	LAD16-exhaustive
M4	16	1	202753	-1.6293637356270914	79232	257	1.208984375	0.9136644538122279	0.6465584647039749	3.740313857793808	True	LAD16-exhaustive
M4	16	1	202817	-1.6298190576843616	70656	97	1.078125	0.8148330481047281	0.24178039406424048	3.3365185260772705	True	LAD16-exhaustive
M4	16	1	203233	-1.6327751534705364	73600	193	1.123046875	0.8492089294368191	0.3815851918345159	3.482668846845627	True	LAD16-exhaustive
M4	16	1	203393	-1.6339105025060405	100352	321	1.53125	1.158100053731854	1.6487759403372244	4.752281665802002	True	LAD16-exhaustive
M4	16	1	203617	-1.635498491605997	93824	193	1.431640625	1.0830548134163038	1.3411058082036316	4.448034197092056	True	LAD16-exhaustive
M4	16	1	203713	-1.6361785236512176	85120	193	1.298828125	0.9826931818551112	0.9288956104085603	4.0372951328754425	True	LAD16-exhaustive
M4	16	1	203809	-1.6368582353059864	77824	129	1.1875	0.8985653569413092	0.5831111238269627	3.6929807662963867	True	LAD16-exhaustive
M4	16	1	203873	-1.637311198563502	78848	97	1.203125	0.9104581271714277	0.6319020847638667	3.7427475452423096	True	LAD16-exhaustive
M4	16	1	203969	-1.6379903769045399	75392	193	1.150390625	0.8706513646944943	0.4680708841172656	3.580383688211441	True	LAD16-exhaustive
M4	16	1	204161	-1.6393477751270922	69760	129	1.064453125	0.8057954676863024	0.20079063787479973	3.316037207841873	True	LAD16-exhaustive
M4	16	1	204353	-1.6407038974056256	65536	1	1.0	0.7571770512212473	0.0	3.1181793212890625	True	LAD16-exhaustive
M4	16	1	204481	-1.6416072712505994	76032	161	1.16015625	0.8785772330389681	0.49971633716716257	3.619841158390045	True	LAD16-exhaustive
M4	16	1	204641	-1.6427356936689002	72960	129	1.11328125	0.843239178466074	0.3537344667925536	3.476302921772003	True	LAD16-exhaustive
M4	16	1	205441	-1.6483646044567521	80512	193	1.228515625	0.9314015946638263	0.71635734364271	3.8511272966861725	True	LAD16-exhaustive
M4	16	1	205537	-1.6490386002737765	108544	161	1.65625	1.255831130659013	2.0581926642252233	5.194406986236572	True	LAD16-exhaustive
M4	16	1	205633	-1.6497122813616087	66560	33	1.015625	0.7701720543168811	0.04902747577630274	3.186737298965454	True	LAD16-exhaustive
M4	16	1	206081	-1.6528519736402778	91264	225	1.392578125	1.056579481982376	1.2344990093556878	4.379026681184769	True	LAD16-exhaustive
M4	16	1	206177	-1.6535238768000902	87040	257	1.328125	1.0077907053240196	1.0323007267109179	4.178296327590942	True	LAD16-exhaustive
M4	16	1	206209	-1.6537477749993528	112704	353	1.7197265625	1.304989603180061	2.264653921210994	5.411118999123573	True	LAD16-exhaustive
M4	16	1	206273	-1.654195467181598	84480	289	1.2890625	0.9782596136335208	0.9098312209124895	4.05729353427887	True	LAD16-exhaustive
M4	16	1	206369	-1.6548667450758678	86912	193	1.326171875	1.0065345256850764	1.0271116757743954	4.176037043333054	True	LAD16-exhaustive
M4	16	1	206593	-1.6564318465663348	103552	321	1.580078125	1.1995571204658286	1.828642406013962	4.98097351193428	True	LAD16-exhaustive
M4	16	1	207041	-1.6595569650577922	88064	129	1.34375	1.0206743944808054	1.0859898336766614	4.245168209075928	True	LAD16-exhaustive
M4	16	1	207073	-1.6597799289827009	80192	161	1.2236328125	0.9294713191939067	0.7066196289435035	3.8662920743227005	True	LAD16-exhaustive
M4	16	1	207169	-1.6604486140817727	70144	161	1.0703125	0.813099808996201	0.22227161535820553	3.3834162950515747	True	LAD16-exhaustive
M4	16	1	207329	-1.661562400966183	76288	193	1.1640625	0.8844842634517562	0.5190343184939346	3.682615876197815	True	LAD16-exhaustive
M4	16	1	207457	-1.6624528117857196	102912	353	1.5703125	1.1933401722852683	1.8053760633630884	4.970891118049622	True	LAD16-exhaustive
M4	16	1	207521	-1.662897811199418	89216	257	1.361328125	1.0346015975775116	1.1441698913271534	4.3106715977191925	True	LAD16-exhaustive
M4	16	1	208001	-1.6662309388203553	72192	129	1.1015625	0.8376451420014185	0.3223483873121233	3.496186852455139	True	LAD16-exhaustive
M4	16	1	208129	-1.6671184738265232	81024	257	1.236328125	0.940261548205555	0.7505414866578928	3.9263265430927277	True	LAD16-exhaustive
M4	16	1	208513	-1.6697778075113874	88192	321	1.345703125	1.0238957981927437	1.0999251652265964	4.281564265489578	True	LAD16-exhaustive
M4	16	1	208577	-1.6702205536013999	73984	129	1.12890625	0.8590060957063171	0.4102674739642939	3.592893660068512	True	LAD16-exhaustive
M4	16	1	208609	-1.6704418757042454	81664	225	1.24609375	0.9482110536570196	0.7833580696383612	3.9664668440818787	True	LAD16-exhaustive
M4	16	1	208673	-1.670884418077705	80448	289	1.2275390625	0.9341604139524102	0.7245175675450141	3.9086038023233414	True	LAD16-exhaustive
M4	16	1	208961	-1.6728741805857297	89088	161	1.359375	1.03482877482732	1.145881733043412	4.334356069564819	True	LAD16-exhaustive
M4	16	1	208993	-1.6730950960041682	97536	225	1.48828125	1.1330005073480665	1.5571429508087282	4.746099293231964	True	LAD16-exhaustive
M4	16	1	209089	-1.6737576393634086	98176	257	1.498046875	1.1405599038935963	1.5890153818093384	4.779436081647873	True	LAD16-exhaustive
M4	16	1	209249	-1.6748612025959986	65792	33	1.00390625	0.7644782043577865	0.012472402628366522	3.205358564853668	True	LAD16-exhaustive
M4	16	1	209441	-1.6761843651614647	74816	225	1.1416015625	0.8695237869907283	0.45253944993610284	3.6483485847711563	True	LAD16-exhaustive
M4	16	1	209569	-1.6770657998335636	77312	225	1.1796875	0.8986635224769541	0.57460791466392	3.772368311882019	True	LAD16-exhaustive
M4	16	1	209857	-1.6790470610671413	80896	257	1.234375	0.9406309347221415	0.7505185683222706	3.9526708126068115	True	LAD16-exhaustive
M4	16	1	209953	-1.6797068772999104	72192	161	1.1015625	0.8395151569669096	0.32537348840314334	3.52899706363678	True	LAD16-exhaustive
M4	16	1	210113	-1.6808059008709932	76800	289	1.171875	0.8932630451699268	0.5510516803997864	3.757113218307495	True	LAD16-exhaustive
M4	16	1	210209	-1.681464913372519	88832	225	1.35546875	1.0333197838166923	1.1401957804036011	4.3477131724357605	True	LAD16-exhaustive
M4	16	1	210241	-1.6816845173273194	83968	193	1.28125	0.9767756485335924	0.9022702563515679	4.110279560089111	True	LAD16-exhaustive
M4	16	1	210401	-1.6827820359663264	75520	257	1.15234375	0.8786612741496217	0.48910166084916457	3.699558675289154	True	LAD16-exhaustive
M4	16	1	210913	-1.686288495398287	75840	161	1.1572265625	0.8828934409963628	0.5060063473954757	3.724275603890419	True	LAD16-exhaustive
M4	16	1	211073	-1.6873825185061797	72960	225	1.11328125	0.8495185001202062	0.36485257162203405	3.5855653882026672	True	LAD16-exhaustive
M4	16	1	211297	-1.6889127584354213	72448	161	1.10546875	0.8437688940178519	0.34005081969558254	3.5641819834709167	True	LAD16-exhaustive
M4	16	1	211457	-1.6900047940758363	87040	129	1.328125	1.013896892780297	1.0587369821469443	4.285298585891724	True	LAD16-exhaustive
M4	16	1	211681	-1.6915322566027022	80128	225	1.22265625	0.9336152951353818	0.7191897101739528	3.949174463748932	True	LAD16-exhaustive
M4	16	1	211777	-1.6921863886597102	80448	225	1.2275390625	0.9374442506601319	0.7352947286039903	3.96674408018589	True	LAD16-exhaustive
M4	16	1	211873	-1.69284022426125	78336	161	1.1953125	0.9129312972679231	0.631440380140383	3.8643561601638794	True	LAD16-exhaustive
M4	16	1	211969	-1.6934937636759066	73216	129	1.1171875	0.853353887466487	0.37903589208056765	3.6134203672409058	True	LAD16-exhaustive
M4	16	1	212161	-1.6947999550171104	82048	257	1.251953125	0.9564978499982895	0.8156653231574731	4.052972823381424	True	LAD16-exhaustive
M4	16	1	212353	-1.696104964824741	87040	193	1.328125	1.0149100649362333	1.063223134584573	4.303456544876099	True	LAD16-exhaustive
M4	16	1	212801	-1.6991454048419428	105216	289	1.60546875	1.227456582938427	1.9660388413633936	5.213094413280487	True	LAD16-exhaustive
M4	16	1	212897	-1.6997960948911022	80128	129	1.22265625	0.9348776277735676	0.7233210903524834	3.9718604683876038	True	LAD16-exhaustive
M4	16	1	213217	-1.7019629446067697	71424	129	1.08984375	0.833619901718194	0.29230510175860225	3.545733869075775	True	LAD16-exhaustive
M4	16	1	213281	-1.7023959242845628	89088	193	1.359375	1.0398573230194823	1.169571364538033	4.423963308334351	True	LAD16-exhaustive
M4	16	1	213953	-1.706934382679723	80448	225	1.2275390625	0.9397028317461305	0.742849851820592	4.0075022131204605	True	LAD16-exhaustive
M4	16	1	214177	-1.7084440349752725	75392	193	1.150390625	0.880860359550627	0.4914963437953002	3.7595705091953278	True	LAD16-exhaustive
M4	16	1	214433	-1.7101674197511123	86016	193	1.3125	1.0052695754514802	1.0225118257419699	4.2944841384887695	True	LAD16-exhaustive
M4	16	1	214561	-1.711028340746342	73984	65	1.12890625	0.8647722706009725	0.4220379019798581	3.695972502231598	True	LAD16-exhaustive
M4	16	1	214657	-1.711673694511724	78592	257	1.19921875	0.9187296540184945	0.6525322227626459	3.927928149700165	True	LAD16-exhaustive
M4	16	1	214817	-1.712748643017207	77888	161	1.1884765625	0.9106586353104758	0.617806816610399	3.8956446796655655	True	LAD16-exhaustive
M4	16	1	214849	-1.7129635366387355	82816	225	1.263671875	0.968310027219367	0.864418076934081	4.142740458250046	True	LAD16-exhaustive
M4	16	1	214913	-1.7133932278785338	86784	193	1.32421875	1.0147757310401573	1.0632307044899671	4.342526614665985	True	LAD16-exhaustive
M4	16	1	215297	-1.7159686912235337	97792	193	1.4921875	1.1439703886576316	1.6169450246051729	4.902091860771179	True	LAD16-exhaustive
M4	16	1	215329	-1.7161831057799866	80640	161	1.23046875	0.9433590829324869	0.7572534595063707	4.042901694774628	True	LAD16-exhaustive
M4	16	1	215393	-1.716611839317146	78336	97	1.1953125	0.9164695057541434	0.6419309576943618	3.928557515144348	True	LAD16-exhaustive
M4	16	1	215521	-1.7174689243534402	84992	161	1.296875	0.9944772460826312	0.9763148985275044	4.264889478683472	True	LAD16-exhaustive
M4	16	1	215617	-1.7181114041451302	93184	193	1.421875	1.0904436812649385	1.3880128461890593	4.678045988082886	True	LAD16-exhaustive
M4	16	1	215681	-1.718539565107129	74240	161	1.1328125	0.8688201695938353	0.43709670881971463	3.7281209230422974	True	LAD16-exhaustive
M4	16	1	216289	-1.7226007691912066	87808	257	1.33984375	1.0282781624125341	1.1216062385557335	4.421897351741791	True	LAD16-exhaustive
M4	16	1	216481	-1.7238808831825843	93952	193	1.43359375	1.1004546146096321	1.4322851696612497	4.735501229763031	True	LAD16-exhaustive
M4	16	1	216577	-1.724520514484599	84224	225	1.28515625	0.9866127111085313	0.9423710255016403	4.247059404850006	True	LAD16-exhaustive
M4	16	1	216641	-1.724946777859106	87104	321	1.3291015625	1.0204194956394679	1.0879208301146335	4.3935835510492325	True	LAD16-exhaustive
M4	16	1	217057	-1.7277144241063525	87424	225	1.333984375	1.0246243576759957	1.1061821390764477	4.418192237615585	True	LAD16-exhaustive
M4	16	1	217121	-1.7281397449806768	72832	129	1.111328125	0.853661955975196	0.3688361002231632	3.6818340122699738	True	LAD16-exhaustive
M4	16	1	217313	-1.7294149557877745	72192	193	1.1015625	0.8463339021753733	0.33677960727092393	3.6527076959609985	True	LAD16-exhaustive
M4	16	1	217409	-1.7300521387514927	87552	129	1.3359375	1.0265099664156159	1.1144554198138399	4.431836485862732	True	LAD16-exhaustive
M4	16	1	217697	-1.7319620008653445	88576	193	1.3515625	1.0388342474102503	1.1678355315861753	4.489610314369202	True	LAD16-exhaustive
M4	16	1	217793	-1.7325980601372883	77312	161	1.1796875	0.9068206449327282	0.5971569342717632	3.9204052686691284	True	LAD16-exhaustive
M4	16	1	218081	-1.7345045571168818	71936	97	1.09765625	0.844021397439672	0.3249709720950637	3.6526179909706116	True	LAD16-exhaustive
M4	16	1	218401	-1.7366199364259778	85120	161	1.298828125	0.9990468321316247	0.9958703185797665	4.328389912843704	True	LAD16-exhaustive
M4	16	1	218657	-1.7383100094721406	84608	193	1.291015625	0.9933059463870376	0.9709712903887235	4.30739751458168	True	LAD16-exhaustive
M4	16	1	218849	-1.7395762662349412	67072	65	1.0234375	0.7875909806370963	0.07826769569695582	3.4176372289657593	True	LAD16-exhaustive
M4	16	1	219041	-1.7408414125758114	90368	225	1.37890625	1.0613579637996529	1.2664378409437704	4.608718931674957	True	LAD16-exhaustive
M4	16	1	219169	-1.7416842275297633	77568	225	1.18359375	0.9111465191699099	0.6139934171625849	3.958237588405609	True	LAD16-exhaustive
M4	16	1	219361	-1.7429475274889477	90624	225	1.3828125	1.0647223295957122	1.281363131342031	4.62852680683136	True	LAD16-exhaustive
M4	16	1	219649	-1.7448404056984685	75520	225	1.15234375	0.887536300576996	0.5105997153238727	3.8621696829795837	True	LAD16-exhaustive
M4	16	1	219809	-1.7458909325599272	84608	161	1.291015625	0.9945078695035641	0.9760868774795911	4.330091148614883	True	LAD16-exhaustive
M4	16	1	219937	-1.746730803623901	67840	129	1.03515625	0.7975183561128587	0.11798520113298237	3.4739556908607483	True	LAD16-exhaustive
M4	16	1	220513	-1.7505041845628462	82176	193	1.25390625	0.966630177124993	0.8543469734683756	4.219095289707184	True	LAD16-exhaustive
M4	16	1	220673	-1.7515505968092064	65536	1	1.0	0.7710231719588551	0.0	3.3672027587890625	True	LAD16-exhaustive
M4	16	1	220897	-1.7530143000357832	72576	161	1.107421875	0.854046230595307	0.36208392342832074	3.7326991260051727	True	LAD16-exhaustive
M4	16	1	221281	-1.7555200557946407	100352	257	1.53125	1.1813724870648779	1.7937824254215304	5.1702351570129395	True	LAD16-exhaustive
M4	16	1	221537	-1.757188145039489	94720	193	1.4453125	1.1153654668950646	1.5053512674525062	4.885714650154114	True	LAD16-exhaustive
M4	16	1	221729	-1.758437947483955	84864	257	1.294921875	0.9995047497141132	0.9978291359102006	4.381129950284958	True	LAD16-exhaustive
M4	16	1	221953	-1.7598946832389153	77824	193	1.1875	0.916800657766585	0.6350223163195239	4.021746635437012	True	LAD16-exhaustive
M4	16	1	222113	-1.760934308954603	83968	257	1.28125	0.9893421169276337	0.9532201304646373	4.342381000518799	True	LAD16-exhaustive
M4	16	1	222337	-1.7623885275012157	91904	161	1.40234375	1.0830956200802788	1.365009572652018	4.757582128047943	True	LAD16-exhaustive
M4	16	1	222913	-1.7661212296106825	91520	257	1.396484375	1.07920499183345	1.3486155715934234	4.7499774396419525	True	LAD16-exhaustive
M4	16	1	222977	-1.7665353787651874	83200	257	1.26953125	0.9811594302186738	0.9170560697528038	4.3194010853767395	True	LAD16-exhaustive
M4	16	1	223009	-1.7667424087678683	73472	161	1.12109375	0.8664674922845389	0.4120698267147326	3.8149108290672302	True	LAD16-exhaustive
M4	16	1	223361	-1.7690177801398654	83456	161	1.2734375	0.9845628649669778	0.9319489347295339	4.340153098106384	True	LAD16-exhaustive
M4	16	1	223681	-1.7710831900652657	78336	129	1.1953125	0.9244602487846454	0.6666314993896392	4.07972252368927	True	LAD16-exhaustive
M4	16	1	223841	-1.7721147872442984	77824	129	1.1875	0.918566804088798	0.6404240100709544	4.055956840515137	True	LAD16-exhaustive
M4	16	1	223969	-1.7729395342140535	83968	161	1.28125	0.9912135281377805	0.9611853398947128	4.378666400909424	True	LAD16-exhaustive
M4	16	1	224033	-1.7733517309598064	74240	161	1.1328125	0.8764344914234308	0.4540227788586252	3.8724881410598755	True	LAD16-exhaustive
M4	16	1	224129	-1.7739698053438175	80896	129	1.234375	0.9551039631262428	0.8015599965667201	4.221484899520874	True	LAD16-exhaustive
M4	16	1	224449	-1.7760281429858615	72448	129	1.10546875	0.8556380885454025	0.36121699044403754	3.786031424999237	True	LAD16-exhaustive
M4	16	1	224513	-1.7764394583454788	112896	321	1.72265625	1.333430062114719	2.4757110346570537	5.9014697670936584	True	LAD16-exhaustive
M4	16	1	224737	-1.7778781393290721	76800	193	1.171875	0.9072996082122974	0.5894052319371328	4.018610715866089	True	LAD16-exhaustive
M4	16	1	224897	-1.778904890937202	105728	289	1.61328125	1.249249784050139	2.1046023236629283	5.5362260937690735	True	LAD16-exhaustive
M4	16	1	224929	-1.7791101536004845	98432	225	1.501953125	1.163079811794663	1.7228017769607844	5.154919654130936	True	LAD16-exhaustive
M4	16	1	224993	-1.7795205913351992	75264	257	1.1484375	0.8893820851604665	0.5096116340505074	3.942724585533142	True	LAD16-exhaustive
M4	16	1	225089	-1.7801360290822146	81408	161	1.2421875	0.9620772619862779	0.831826385709926	4.266399264335632	True	LAD16-exhaustive
M4	16	1	225217	-1.7809562045638074	93184	129	1.421875	1.101386824080316	1.4498118848706798	4.886328458786011	True	LAD16-exhaustive
M4	16	1	225569	-1.783209285882247	82304	161	1.255859375	0.9731331186083839	0.8806583254654001	4.322554677724838	True	LAD16-exhaustive
M4	16	1	225601	-1.7834139370841733	81024	161	1.236328125	0.9580294478461098	0.8135478954470894	4.255933552980423	True	LAD16-exhaustive
M4	16	1	225697	-1.7840277165647542	89600	257	1.3671875	1.0595336954301038	1.264562709811551	4.708406329154968	True	LAD16-exhaustive
M4	16	1	225889	-1.785254492702819	81536	289	1.244140625	0.964360113239215	0.8415149407282368	4.288294702768326	True	LAD16-exhaustive
M4	16	1	226241	-1.7875008765171856	72448	129	1.10546875	0.8571724729544239	0.36410094558251316	3.8162590861320496	True	LAD16-exhaustive
M4	16	1	226337	-1.7881129200809553	87040	193	1.328125	1.0299166351174487	1.1332391565575646	4.58685040473938	True	LAD16-exhaustive
M4	16	1	226433	-1.7887247041037533	65536	1	1.0	0.7755404701885138	0.0	3.4550933837890625	True	LAD16-exhaustive
M4	16	1	226657	-1.7901511920663573	105216	289	1.60546875	1.2453822502626697	2.0940524981879913	5.552531898021698	True	LAD16-exhaustive
M4	16	1	226753	-1.790762112540076	88576	225	1.3515625	1.0485235506161732	1.2164164425497825	4.676374077796936	True	LAD16-exhaustive
M4	16	1	226817	-1.791169249181518	86528	193	1.3203125	1.0243450371897576	1.1086033464942397	4.569539189338684	True	LAD16-exhaustive
M4	16	1	226913	-1.7917797387942507	98304	161	1.5	1.1638633192909509	1.7312352178225376	5.193626403808594	True	LAD16-exhaustive
M4	16	1	227233	-1.7938128404377203	77952	161	1.189453125	0.9231985802858407	0.6569009224555581	4.12419131398201	True	LAD16-exhaustive
M4	16	1	227393	-1.7948283178458446	82176	161	1.25390625	0.9733774303113735	0.8810025773441672	4.3507309556007385	True	LAD16-exhaustive
M4	16	1	227489	-1.7954372613783711	68864	97	1.05078125	0.8157733693528516	0.17627490320057984	3.6474788784980774	True	LAD16-exhaustive
M4	16	1	227873	-1.7978704684840245	67328	97	1.02734375	0.7978783889455979	0.0950774752994583	3.5721420645713806	True	LAD16-exhaustive
M4	16	1	228097	-1.7992879464547507	91648	225	1.3984375	1.0863236923683386	1.3867765077821013	4.867239356040955	True	LAD16-exhaustive
M4	16	1	228257	-1.800299578722683	70784	129	1.080078125	0.8391494410267298	0.27891039258602274	3.7618315517902374	True	LAD16-exhaustive
M4	16	1	228353	-1.8009062177624173	87680	225	1.337890625	1.0395502296474337	1.177360767385748	4.661733061075211	True	LAD16-exhaustive
M4	16	1	228577	-1.802320717642253	84288	225	1.2861328125	0.9995524830092363	0.9979916057497902	4.485784605145454	True	LAD16-exhaustive
M4	16	1	228737	-1.8033302262772892	85504	129	1.3046875	1.0141308200831203	1.063451662279698	4.5536850690841675	True	LAD16-exhaustive
M4	16	1	228929	-1.804540704941207	108288	225	1.65234375	1.2846032192177992	2.2787884694247347	5.771933019161224	True	LAD16-exhaustive
M4	16	1	228961	-1.8047423526792379	72064	161	1.099609375	0.8549102945689415	0.34800735651750975	3.841669648885727	True	LAD16-exhaustive
M4	16	1	229153	-1.8059516475886674	75264	193	1.1484375	0.8930390733165245	0.5190340800717174	4.015623450279236	True	LAD16-exhaustive
M4	16	1	229217	-1.8063545207401255	74112	225	1.130859375	0.8794247141982922	0.45769731226634625	3.9552641808986664	True	LAD16-exhaustive
M4	16	1	229249	-1.8065559151352772	91392	161	1.39453125	1.0845055855516241	1.3801158851186388	4.878156960010529	True	LAD16-exhaustive
M4	16	1	229409	-1.8075624656191032	86016	193	1.3125	1.0208694277557773	1.0939240482185093	4.5944108963012695	True	LAD16-exhaustive
M4	16	1	229601	-1.8087693999517143	81792	225	1.248046875	0.9709178498958955	0.8690289241912719	4.372448891401291	True	LAD16-exhaustive
M4	16	1	230017	-1.8113809656471176	80192	161	1.2236328125	0.9523073727561056	0.784914147139887	4.294683054089546	True	LAD16-exhaustive
M4	16	1	230081	-1.8117823257191574	88576	225	1.3515625	1.0519351170521893	1.2342694981689173	4.745008111000061	True	LAD16-exhaustive
M4	16	1	230273	-1.812985736415758	82176	161	1.25390625	0.9761086715242657	0.8921607371061265	4.405834257602692	True	LAD16-exhaustive
M4	16	1	230369	-1.8135870655430644	84224	161	1.28515625	1.0005277392541163	1.0023828512436104	4.517519533634186	True	LAD16-exhaustive
M4	16	1	230561	-1.8147889724003825	86016	193	1.3125	1.0220040544282936	1.09941729610132	4.6174821853637695	True	LAD16-exhaustive
M4	16	1	230849	-1.8165899573193656	84608	129	1.291015625	1.0055524792688708	1.025111253767071	4.547571808099747	True	LAD16-exhaustive
M4	16	1	230977	-1.8173896739657316	90368	193	1.37890625	1.0741407730757946	1.335448674849317	4.859857618808746	True	LAD16-exhaustive
M4	16	1	231041	-1.817789366112823	84224	97	1.28515625	1.0011726679038426	1.0053068613145648	4.530697405338287	True	LAD16-exhaustive
M4	16	1	231169	-1.8185884183616032	93312	257	1.423828125	1.109337669286983	1.4950167670424201	5.022352963685989	True	LAD16-exhaustive
M4	16	1	231809	-1.822577054600469	104704	161	1.59765625	1.2455307578301562	2.114016901750973	5.651109278202057	True	LAD16-exhaustive
M4	16	1	231841	-1.8227761972355694	95232	161	1.453125	1.1328888448462553	1.6030053120469978	5.140593767166138	True	LAD16-exhaustive
M4	16	1	232129	-1.8245672450409884	93248	225	1.4228515625	1.109590378250519	1.4977662371490426	5.039750829339027	True	LAD16-exhaustive
M4	16	1	232417	-1.826356072089368	85504	193	1.3046875	1.017719480612649	1.0805608405813687	4.626946330070496	True	LAD16-exhaustive
M4	16	1	232513	-1.8269518552218535	81920	225	1.25	0.9751491370517501	0.8869802395666437	4.434833526611328	True	LAD16-exhaustive
M4	16	1	232801	-1.8287377298133443	95232	257	1.453125	1.1339193162239891	1.6096429865720607	5.161879777908325	True	LAD16-exhaustive
M4	16	1	232961	-1.829728927960133	70784	129	1.080078125	0.8429462373972348	0.28465827539673455	3.839356690645218	True	LAD16-exhaustive
M4	16	1	233921	-1.8356618582985753	70912	193	1.08203125	0.8452321276957215	0.2928028081368734	3.8621495366096497	True	LAD16-exhaustive
M4	16	1	234529	-1.8394068004584518	79488	161	1.212890625	0.947991179850382	0.7618680917162585	4.340485006570816	True	LAD16-exhaustive
M4	16	1	234721	-1.8405873969989237	71680	65	1.09375	0.855024025331717	0.33577620737010755	3.9173293113708496	True	LAD16-exhaustive
M4	16	1	234977	-1.8421600243766783	82176	193	1.25390625	0.9804571162091696	0.9103857313839933	4.495836317539215	True	LAD16-exhaustive
M4	16	1	235009	-1.8423564823195946	86528	129	1.3203125	1.0324122934162718	1.1486430199511712	4.734578251838684	True	LAD16-exhaustive
M4	16	1	235489	-1.8453001456715157	82688	161	1.26171875	0.9870338800851427	0.9404423089761196	4.533704936504364	True	LAD16-exhaustive
M4	16	1	235553	-1.8456921807052709	77568	193	1.18359375	0.9259720035130925	0.6598925550278477	4.254136025905609	True	LAD16-exhaustive
M4	16	1	236129	-1.849215710357118	66432	97	1.013671875	0.7934567139992674	0.04926109974631876	3.6523029506206512	True	LAD16-exhaustive
M4	16	1	236449	-1.851169514739226	85632	257	1.306640625	1.0230802596847017	1.1063533858339056	4.714261919260025	True	LAD16-exhaustive
M4	16	1	236609	-1.8521454255803675	84736	193	1.29296875	1.012523971909917	1.0577407945181965	4.6680914759635925	True	LAD16-exhaustive
M4	16	1	236641	-1.8523405285550254	99456	289	1.517578125	1.188450456284169	1.8689281311989776	5.479754716157913	True	LAD16-exhaustive
M4	16	1	236737	-1.8529256792203483	75392	193	1.150390625	0.9009766878527452	0.5432673440241855	4.155579000711441	True	LAD16-exhaustive
M4	16	1	236897	-1.8539004032280104	88064	97	1.34375	1.0525683252764257	1.2425931754024566	4.857335567474365	True	LAD16-exhaustive
M4	16	1	236993	-1.8544849216851205	97536	257	1.48828125	1.1658829539125304	1.7657623908026245	5.381961643695831	True	LAD16-exhaustive
M4	16	1	237089	-1.8550692034162068	75840	161	1.1572265625	0.9066223712480256	0.5688058057001983	4.186488166451454	True	LAD16-exhaustive
M4	16	1	237217	-1.8558478778150835	75520	193	1.15234375	0.9029024658590199	0.5514385800526437	4.171074330806732	True	LAD16-exhaustive
M4	16	1	237313	-1.8564316079304177	75008	193	1.14453125	0.8968596277051524	0.523371397440299	4.144472420215607	True	LAD16-exhaustive
M4	16	1	237409	-1.857015101957714	87296	225	1.33203125	1.0438767793098724	1.202826078145266	4.825381577014923	True	LAD16-exhaustive
M4	16	1	237857	-1.8597349580793399	70912	129	1.08203125	0.8483041973132119	0.29772956483176927	3.9271348118782043	True	LAD16-exhaustive
M4	16	1	238081	-1.8610929656896609	73216	161	1.1171875	0.8760444679710555	0.4257284990844587	4.058549761772156	True	LAD16-exhaustive
M4	16	1	238369	-1.862837099270859	82944	97	1.265625	0.9927008714100506	0.9661519130998703	4.6033594608306885	True	LAD16-exhaustive
M4	16	1	238529	-1.8638051520419054	99136	289	1.5126953125	1.186663663555411	1.8660669900864042	5.5057022124528885	True	LAD16-exhaustive
M4	16	1	238657	-1.86457912684277	97536	225	1.48828125	1.1676465465273578	1.7781603460936903	5.4197500348091125	True	LAD16-exhaustive
M4	16	1	239137	-1.8674778398973295	77056	161	1.17578125	0.922870499360788	0.6414252045662623	4.290356457233429	True	LAD16-exhaustive
M4	16	1	239201	-1.867863895294004	69632	161	1.0625	0.8340040641735798	0.22812333104448004	3.878037452697754	True	LAD16-exhaustive
M4	16	1	239233	-1.8680568842595768	87040	193	1.328125	1.042535069708762	1.1978077077134355	4.848195314407349	True	LAD16-exhaustive
M4	16	1	239297	-1.868442784759722	68352	129	1.04296875	0.8187437439925926	0.15689773355840392	3.8082777857780457	True	LAD16-exhaustive
M4	16	1	239329	-1.8686356963081039	71424	161	1.08984375	0.8555658091599861	0.3281027671282521	3.9799684882164	True	LAD16-exhaustive
M4	16	1	239489	-1.8695998673089171	94208	129	1.4375	1.128650327515212	1.5987859540703442	5.253073692321777	True	LAD16-exhaustive
M4	16	1	239521	-1.8697926242090936	90880	193	1.38671875	1.0888107813606354	1.4134014147974365	5.06818026304245	True	LAD16-exhaustive
M4	16	1	239713	-1.8709486250882925	97792	257	1.4921875	1.1718233770163933	1.800316505493248	5.458019137382507	True	LAD16-exhaustive
M4	16	1	239873	-1.871911252083688	93696	225	1.4296875	1.1229025752026798	1.5727539435034714	5.232901453971863	True	LAD16-exhaustive
M4	16	1	240257	-1.8742189396425672	77312	193	1.1796875	0.9268659078311401	0.6587499761577783	4.32477080821991	True	LAD16-exhaustive
M4	16	1	240353	-1.8747952852274175	85248	225	1.30078125	1.0220952629107714	1.1031307817387654	4.770609676837921	True	LAD16-exhaustive
M4	16	1	240641	-1.876522941794569	78464	161	1.197265625	0.9409986323736185	0.7243487795166704	4.396227985620499	True	LAD16-exhaustive
M4	16	1	240769	-1.8772901255655121	75776	161	1.15625	0.9088655592156811	0.5740467879758907	4.2478814125061035	True	LAD16-exhaustive
M4	16	1	241249	-1.8801634367220643	72448	129	1.10546875	0.8693192293885926	0.38825406986724653	4.069415748119354	True	LAD16-exhaustive
M4	16	1	241313	-1.880546112867961	98304	193	1.5	1.1796378011262905	1.8411001754787517	5.523216247558594	True	LAD16-exhaustive
M4	16	1	241441	-1.881311160778747	80640	161	1.23046875	0.9677812124359885	0.8490822532806898	4.533166587352753	True	LAD16-exhaustive
M4	16	1	241537	-1.881884680590204	72192	97	1.1015625	0.8664681298278579	0.3743206158922713	4.059877038002014	True	LAD16-exhaustive
M4	16	1	241601	-1.882266900507318	102400	257	1.5625	1.2291022950744948	2.0737096589608606	5.76021671295166	True	LAD16-exhaustive
M4	16	1	241793	-1.8834129530541723	92928	161	1.41796875	1.115599353032428	1.5421060192072937	5.231550872325897	True	LAD16-exhaustive
M4	16	1	241921	-1.8841764826172778	77568	225	1.18359375	0.9313078411016535	0.677732259002823	4.369143426418304	True	LAD16-exhaustive
M4	16	1	242273	-1.886274107717366	77568	257	1.18359375	0.9315963477029512	0.678718373292897	4.3755006194114685	True	LAD16-exhaustive
M4	16	1	242689	-1.8887491935352756	94016	225	1.4345703125	1.1295500498673448	1.6092993754530023	5.312415078282356	True	LAD16-exhaustive
M4	16	1	243073	-1.8910301253953214	75264	97	1.1484375	0.9045590147938485	0.5505630340657663	4.2595542669296265	True	LAD16-exhaustive
M4	16	1	243137	-1.8914099303485337	92288	193	1.408203125	1.109223652301229	1.5144469856279088	5.224400073289871	True	LAD16-exhaustive
M4	16	1	243233	-1.8919794503671348	77312	193	1.1796875	0.9293026793174811	0.6669097381170367	4.3783406019210815	True	LAD16-exhaustive
M4	16	1	243521	-1.8936866627177764	77824	65	1.1875	0.9356918729938911	0.6967298008697642	4.412554740905762	True	LAD16-exhaustive
M4	16	1	243553	-1.8938762283335748	92416	225	1.41015625	1.1111650570589928	1.5242967140650034	5.240597307682037	True	LAD16-exhaustive
M4	16	1	243809	-1.8953918572272315	84992	161	1.296875	1.0221300457581204	1.1044601644159608	4.824673414230347	True	LAD16-exhaustive
M4	16	1	244033	-1.8967167276232644	98816	225	1.5078125	1.1886112512032898	1.8909438897154192	5.6145631074905396	True	LAD16-exhaustive
M4	16	1	244129	-1.8972841569836412	82688	225	1.26171875	0.9946979200641664	0.9749467722400245	4.700044810771942	True	LAD16-exhaustive
M4	16	1	244481	-1.8993628239869622	83456	225	1.2734375	1.0042425985674932	1.0200697861829557	4.750538229942322	True	LAD16-exhaustive
M4	16	1	244897	-1.9018155753634787	85632	161	1.306640625	1.0307969833671302	1.1458818820572976	4.882696062326431	True	LAD16-exhaustive
M4	16	1	245473	-1.9052048231793606	92672	289	1.4140625	1.116094004213718	1.5509447480354008	5.296541810035706	True	LAD16-exhaustive
M4	16	1	246017	-1.9083984849944073	74112	193	1.130859375	0.8929829718935363	0.4912433182173648	4.245157331228256	True	LAD16-exhaustive
M4	16	1	246049	-1.9085861274707128	86144	129	1.314453125	1.0379861512565631	1.180603905594339	4.93499568104744	True	LAD16-exhaustive
M4	16	1	246209	-1.909523973944193	77952	97	1.189453125	0.939405616316994	0.7117580598630503	4.468598395586014	True	LAD16-exhaustive
M4	16	1	246241	-1.9097114701016658	77824	97	1.1875	0.9378887005414144	0.7045119020370795	4.461840629577637	True	LAD16-exhaustive
M4	16	1	246497	-1.9112105627784963	71552	161	1.091796875	0.862490559612075	0.3452758723868925	4.10651633143425	True	LAD16-exhaustive
M4	16	1	246689	-1.9123338609331277	93312	257	1.423828125	1.1249703300454963	1.5953877520122834	5.359538823366165	True	LAD16-exhaustive
M4	16	1	246817	-1.9130822407679204	79872	161	1.21875	0.9630423968791619	0.8238531891355764	4.589969158172607	True	LAD16-exhaustive
M4	16	1	246913	-1.9136432709895814	95744	161	1.4609375	1.154510385528152	1.736651574540322	5.5042184591293335	True	LAD16-exhaustive
M4	16	1	247073	-1.9145778368056767	71680	97	1.09375	0.8644567437493602	0.35344615472648205	4.123475551605225	True	LAD16-exhaustive
M4	16	1	247201	-1.915325053812282	82560	193	1.259765625	0.9957770204441606	0.9798477495326925	4.7518207132816315	True	LAD16-exhaustive
M4	16	1	247393	-1.9164451541845686	74240	161	1.1328125	0.8955730481532493	0.5013638942931258	4.276273846626282	True	LAD16-exhaustive
M4	16	1	247553	-1.9173779073115078	77824	129	1.1875	0.9389347004676002	0.7082656214236668	4.485613822937012	True	LAD16-exhaustive
M4	16	1	247649	-1.9179372698571342	82944	161	1.265625	1.0007879253889087	1.003765402075227	4.782573938369751	True	LAD16-exhaustive
M4	16	1	247873	-1.9192416063393587	68352	161	1.04296875	0.8248793680083151	0.16252068312733653	3.944760024547577	True	LAD16-exhaustive
M4	16	1	248033	-1.9201725537953358	95744	289	1.4609375	1.1556048797629221	1.7445290445944914	5.529185652732849	True	LAD16-exhaustive
M4	16	1	248161	-1.9209168794797655	71424	257	1.08984375	0.8621618217757	0.3402108010032807	4.126841962337494	True	LAD16-exhaustive
M4	16	1	248257	-1.9214748718396386	92800	193	1.416015625	1.1202828339015176	1.5759333335717556	5.3640104830265045	True	LAD16-exhaustive
M4	16	1	248609	-1.9235189993885164	85760	193	1.30859375	1.035602092014331	1.1706597023537042	4.964114129543304	True	LAD16-exhaustive
M4	16	1	248641	-1.9237046856283229	72192	129	1.1015625	0.8717839731949608	0.38533000019073776	4.179284691810608	True	LAD16-exhaustive
M4	16	1	248737	-1.924261600995088	90112	129	1.375	1.088271863226759	1.4233062485694667	5.218709945678711	True	LAD16-exhaustive
M4	16	1	249089	-1.9263017866785326	83456	97	1.2734375	1.0081852415502315	1.0392961537727932	4.840076804161072	True	LAD16-exhaustive
M4	16	1	249217	-1.9270429576429429	86784	161	1.32421875	1.0485011190357805	1.2329415460250248	5.03567236661911	True	LAD16-exhaustive
M4	16	1	249377	-1.9279688862119393	75264	129	1.1484375	0.909441045236447	0.5648416638056001	4.370024085044861	True	LAD16-exhaustive
M4	16	1	249857	-1.9307431116573817	78464	193	1.197265625	0.948486953586727	0.7520896813248645	4.564593464136124	True	LAD16-exhaustive
M4	16	1	250049	-1.9318513098445216	98560	193	1.50390625	1.1916011391776833	1.9226558923666743	5.738071501255035	True	LAD16-exhaustive
M4	16	1	250433	-1.9340651557147481	86528	129	1.3203125	1.0464661621192652	1.2240302176317999	5.045315861701965	True	LAD16-exhaustive
M4	16	1	250721	-1.9357233135565117	76288	129	1.1640625	0.9228438798394338	0.6276632953765163	4.453352570533752	True	LAD16-exhaustive
M4	16	1	250753	-1.9359074357298276	72832	193	1.111328125	0.8810604933735235	0.4259687392710002	4.252149373292923	True	LAD16-exhaustive
M4	16	1	251201	-1.9384826818676615	71680	161	1.09375	0.867445108071075	0.35935139620050355	4.192368984222412	True	LAD16-exhaustive
M4	16	1	251233	-1.93866645223898	72320	161	1.103515625	0.8752132191876231	0.3968343788147555	4.230339676141739	True	LAD16-exhaustive
M4	16	1	251297	-1.9390339227705518	78336	97	1.1953125	0.9480685199490582	0.7489348487449454	4.583411335945129	True	LAD16-exhaustive
M4	16	1	251393	-1.939584953129657	75520	193	1.15234375	0.91405982539804	0.5843923452162967	4.420336186885834	True	LAD16-exhaustive
M4	16	1	251809	-1.9419703223203015	74752	129	1.140625	0.9050734868943481	0.5403317406729229	4.382623910903931	True	LAD16-exhaustive
M4	16	1	251969	-1.942886722855075	70912	129	1.08203125	0.8586925897980813	0.31539379005493245	4.160130798816681	True	LAD16-exhaustive
M4	16	1	252001	-1.943069933130964	88320	193	1.34765625	1.0695188030845322	1.3368386763752194	5.1820483803749084	True	LAD16-exhaustive
M4	16	1	252193	-1.9441687064651987	80896	161	1.234375	0.9797711702305116	0.9019262130922407	4.750072240829468	True	LAD16-exhaustive
M4	16	1	252289	-1.9447177794771093	79360	129	1.2109375	0.9612433640552633	0.8120425869764248	4.661654829978943	True	LAD16-exhaustive
M4	16	1	252449	-1.9456324370391478	74176	161	1.1318359375	0.8985698984412345	0.5078484868533989	4.359906777739525	True	LAD16-exhaustive
M4	16	1	252481	-1.9458152989858313	92928	193	1.41796875	1.1257614961786513	1.6102718847753108	5.46280163526535	True	LAD16-exhaustive
M4	16	1	252641	-1.946729261213818	74240	129	1.1328125	0.8994860794418812	0.5119994325551233	4.366987347602844	True	LAD16-exhaustive
M4	16	1	252737	-1.947277360757493	76288	193	1.1640625	0.9243718079582872	0.6327102168688487	4.489161133766174	True	LAD16-exhaustive
M4	16	1	253153	-1.9496500555025378	73344	225	1.119140625	0.889000547998748	0.4602244089513237	4.323025614023209	True	LAD16-exhaustive
M4	16	1	253537	-1.9518367771736358	88576	161	1.3515625	1.073961681258462	1.3600992074845502	5.228746056556702	True	LAD16-exhaustive
M4	16	1	253601	-1.952200908763487	86016	225	1.3125	1.042976387809586	1.209282253757534	5.0789079666137695	True	LAD16-exhaustive
M4	16	1	253633	-1.9523829400995965	78208	129	1.193359375	0.9483260175185952	0.74833780971046	4.618458837270737	True	LAD16-exhaustive
M4	16	1	254209	-1.9556555827714952	87296	193	1.33203125	1.059017001198615	1.2879428096627756	5.166844666004181	True	LAD16-exhaustive
M4	16	1	254369	-1.9565633342438673	93440	225	1.42578125	1.133698080615591	1.65263677090486	5.533974468708038	True	LAD16-exhaustive
M4	16	1	254593	-1.957833227516936	89600	225	1.3671875	1.0873037259705494	1.4264647468909744	5.311223864555359	True	LAD16-exhaustive
M4	16	1	254753	-1.9587396102671093	83136	193	1.2685546875	1.0089922579200203	1.0439476967221715	4.931154057383537	True	LAD16-exhaustive
M4	16	1	254977	-1.9600075902171312	78848	129	1.203125	0.9571223639832518	0.7902983615625239	4.680926561355591	True	LAD16-exhaustive
M4	16	1	255137	-1.9609126083664528	82944	161	1.265625	1.0069721261132871	1.0341155966277562	4.9271814823150635	True	LAD16-exhaustive
M4	16	1	255329	-1.9619978812775294	77056	257	1.17578125	0.9356333237173694	0.6848561956397345	4.58085709810257	True	LAD16-exhaustive
M4	16	1	255361	-1.9621786807502772	76672	193	1.169921875	0.9309945275786392	0.66211062671664	4.558600157499313	True	LAD16-exhaustive
M4	16	1	255457	-1.9627209432608232	78848	257	1.203125	0.9574902275601884	0.7917861161974518	4.689738512039185	True	LAD16-exhaustive
M4	16	1	255617	-1.9636242614264248	79232	225	1.208984375	0.9622763021384734	0.8151363238632029	4.715529769659042	True	LAD16-exhaustive
M4	16	1	255649	-1.963804857207755	96576	193	1.4736328125	1.172949944215193	1.8476196670910583	5.748485639691353	True	LAD16-exhaustive
M4	16	1	255713	-1.9641659809639158	67840	129	1.03515625	0.8239830603030992	0.1371772359235523	4.039045870304108	True	LAD16-exhaustive
M4	16	1	255841	-1.9648879574085854	70656	97	1.078125	0.8582737296033307	0.30499089227130544	4.208810091018677	True	LAD16-exhaustive
M4	16	1	256033	-1.965970245084229	83456	161	1.2734375	1.0139131488130038	1.0682692215991454	4.975006461143494	True	LAD16-exhaustive
M4	16	1	256129	-1.9665110846058944	75392	161	1.150390625	0.9160129837054348	0.5877683740081636	4.4959777891635895	True	LAD16-exhaustive
M4	16	1	256577	-1.9690323250158457	71936	225	1.09765625	0.8743336096024054	0.38233535753795683	4.2973838448524475	True	LAD16-exhaustive
M4	16	1	256609	-1.9692122451281193	80128	193	1.22265625	0.9739265597256196	0.8718333357175555	4.787362635135651	True	LAD16-exhaustive
M4	16	1	256801	-1.9702912948574323	82176	257	1.25390625	0.99897119436318	0.9949397864690623	4.913396894931793	True	LAD16-exhaustive
M4	16	1	257249	-1.9728059434011662	76800	225	1.171875	0.9339486216014424	0.6746726462958724	4.599970579147339	True	LAD16-exhaustive
M4	16	1	257281	-1.9729853935454464	79360	129	1.2109375	0.9651046135801818	0.8281103370336461	4.753894209861755	True	LAD16-exhaustive
M4	16	1	257473	-1.9740616259232269	98816	225	1.5078125	1.201892856562376	1.9950867141603723	5.923782467842102	True	LAD16-exhaustive
M4	16	1	257857	-1.976211685101763	98816	225	1.5078125	1.202256109651754	1.998062223430228	5.9326173067092896	True	LAD16-exhaustive
M4	16	1	257921	-1.9765697169801726	76032	129	1.16015625	0.9250984991969542	0.630314490825513	4.565867006778717	True	LAD16-exhaustive
M4	16	1	257953	-1.9767486996052597	105984	193	1.6171875	1.2895636536363018	2.4293181839856564	6.365331530570984	True	LAD16-exhaustive
M4	16	1	258113	-1.9776432798098789	68928	193	1.0517578125	0.8387889443401859	0.2038508317359045	4.142339542508125	True	LAD16-exhaustive
M4	16	1	258241	-1.9783585447986916	88576	161	1.3515625	1.0779948222304927	1.385333814946212	5.325757622718811	True	LAD16-exhaustive
M4	16	1	258337	-1.9788947609190828	84480	193	1.2890625	1.0282226900210576	1.1394756857022965	5.081368088722229	True	LAD16-exhaustive
M4	16	1	258721	-1.9810376346297822	83200	129	1.26953125	1.012947777469808	1.0640633940833142	5.011816322803497	True	LAD16-exhaustive
M4	16	1	258977	-1.9824644508839349	78080	161	1.19140625	0.950802486213915	0.7563869139581902	4.708050787448883	True	LAD16-exhaustive
M4	16	1	259009	-1.9826427037377456	71168	161	1.0859375	0.8666547091842709	0.33964425020981154	4.291802763938904	True	LAD16-exhaustive
M4	16	1	259169	-1.9835336377946824	92288	161	1.408203125	1.1239855243641133	1.6143067933642328	5.568887263536453	True	LAD16-exhaustive
M4	16	1	259201	-1.9837117586017037	73728	33	1.125	0.8979636535524241	0.49439421683070117	4.449480056762695	True	LAD16-exhaustive
M4	16	1	259681	-1.986380935089457	78080	161	1.19140625	0.9513233248248856	0.7584430671587701	4.720849096775055	True	LAD16-exhaustive
M4	16	1	259841	-1.9872695643057021	74496	161	1.13671875	0.907768663696001	0.5420788390745404	4.506929576396942	True	LAD16-exhaustive
M4	16	1	259937	-1.9878024792251487	74112	161	1.130859375	0.9031566259443977	0.5190385802910659	4.485354512929916	True	LAD16-exhaustive
M4	16	1	260417	-1.9904641050262128	71040	225	1.083984375	0.86604149992752	0.3337294420443275	4.30737242102623	True	LAD16-exhaustive
M4	16	1	260609	-1.9915273819467068	88576	257	1.3515625	1.0799810867668882	1.3980369506752117	5.374593377113342	True	LAD16-exhaustive
M4	16	1	261089	-1.9941821508552842	86784	193	1.32421875	1.0585227944632054	1.2916754286831464	5.275557696819305	True	LAD16-exhaustive
M4	16	1	261281	-1.995242692082094	72192	257	1.1015625	0.8806709327649197	0.4049187695506218	4.391744256019592	True	LAD16-exhaustive
M4	16	1	261601	-1.997008530151568	92160	161	1.40625	1.1245366032781474	1.6216587510490577	5.613348484039307	True	LAD16-exhaustive
M4	16	1	261697	-1.9975378603820637	96256	225	1.46875	1.1746023272479464	1.871831368734264	5.8649821281433105	True	LAD16-exhaustive
M4	16	1	261761	-1.997890639336923	71232	193	1.0869140625	0.869279526526638	0.34715361126211186	4.341304197907448	True	LAD16-exhaustive
M4	16	1	262049	-1.9994770779831654	84288	225	1.2861328125	1.0288347946872023	1.1441339342765315	5.142666891217232	True	LAD16-exhaustive
M2	32	4	193	1.6301718509276775	18274010240	1335041	4.254749566316605	1.038884366530746	1.0514459504223634	1.3744956745124055	True	T2/R4-exhaustive
M2	32	3	1153	1.4864696070446861	16400443520	1211585	3.8185258209705353	1.0043401219324728	1.0058890455135825	1.3627738528604627	True	T3/R3-exhaustive
M2	32	4	257	-0.022498196775515567	8430744576	426049	1.9629356861114502	0.9891204684827603	0.978069945635716	1.993786736793776	True	T2/R4-exhaustive
M2	32	3	1217	1.2526596418588127	14924981760	1032641	3.474993109703064	1.0272525996836694	1.0386898021806639	1.4583636175412615	True	T3/R3-exhaustive
M2	32	3	1409	0.6186323110710923	10603129344	664193	2.4687334299087524	0.9736984413771613	0.9565685502152149	1.6078566125593878	True	T3/R3-exhaustive
M2	32	3	1601	0.06572722245122975	8491127808	459585	1.9769947528839111	0.9659839729437528	0.9334828981663892	1.8889464715184776	True	T3/R3-exhaustive
M2	32	3	2113	-1.1352311558048243	6042963200	196289	1.4069870114326477	0.9668273093240091	0.8939622489478323	3.0904997883354284	True	T3/R3-exhaustive
